index,custID,age,relationship,commtype,Outcome,Treatment,city_Bhopal,city_Chennai,city_Delhi,city_Gurgaon,city_Hyderabad,city_Indore,city_Kochi,city_Lucknow,city_Mumbai,city_Nagpur,city_Noida,city_Raipur,camptype_easy to bank,camptype_mandatory,camptype_ntb,camptype_onboarding,camptype_take two,Propensity,Proba_if_Treated,Proba_if_Untreated,CATE
0,17,52,149,0,0,1.0,0,0,0,1,0,0,0,0,0,0,0,0,0,0,1,0,0,0.5096852350994548,0.031381205,0.007269464,0.02411174
1,9,29,168,0,1,1.0,0,0,0,0,0,0,0,1,0,0,0,0,0,0,0,0,0,0.4880126129055271,0.62156117,0.007902901,0.61365825
2,96,32,98,1,0,1.0,0,0,0,0,0,0,0,0,1,0,0,0,0,1,0,0,0,0.446591997484654,0.1529682,0.09384224,0.05912596
3,34,42,56,1,0,1.0,0,0,0,0,0,0,0,1,0,0,0,0,0,0,0,1,0,0.5133614106034938,0.069499575,0.115948886,-0.04644931
4,66,51,152,1,0,1.0,0,0,0,0,0,0,0,0,0,0,1,0,0,0,0,0,0,0.48935519093522933,0.17144507,0.24837966,-0.07693459
5,4,23,147,0,0,1.0,0,0,0,1,0,0,0,0,0,0,0,0,0,0,0,0,0,0.4888489471529605,0.031065417,0.015877472,0.015187945
6,13,56,153,0,0,1.0,0,0,0,0,0,0,0,0,0,1,0,0,0,0,0,1,0,0.5140096988226385,0.10678193,0.08793271,0.018849216
7,23,60,135,1,0,0.0,0,0,0,0,0,0,0,0,0,0,1,0,0,0,0,1,0,0.5175140240226742,0.186563,0.05616864,0.13039437
8,20,48,32,1,0,0.0,0,0,0,0,0,0,0,0,0,1,0,0,0,0,0,0,1,0.5291029664687358,0.057052005,0.009433976,0.047618028
9,35,60,161,1,0,1.0,0,0,0,0,0,0,1,0,0,0,0,0,0,0,0,0,0,0.5075324938954993,0.10770273,0.018184455,0.08951828
10,93,49,167,0,0,0.0,0,0,0,0,0,0,0,0,0,0,0,0,1,0,0,0,0,0.47409873994876134,0.05860221,0.015480061,0.04312215
11,45,60,137,1,0,0.0,0,0,0,0,0,0,0,0,0,1,0,0,0,1,0,0,0,0.48323277709967016,0.08506452,0.06335064,0.021713883
12,18,43,141,0,0,0.0,0,0,0,0,0,0,0,0,0,0,0,0,0,0,0,0,1,0.5028143461757736,0.04086885,0.014170807,0.026698042
13,50,43,65,1,0,0.0,0,0,1,0,0,0,0,0,0,0,0,0,0,0,0,0,0,0.5062650436483684,0.07043992,0.028198685,0.042241234
14,54,33,73,1,0,0.0,0,0,0,1,0,0,0,0,0,0,0,0,0,0,1,0,0,0.49402499231244307,0.03796313,0.013906041,0.024057088
15,77,56,162,0,0,1.0,0,0,1,0,0,0,0,0,0,0,0,0,0,0,1,0,0,0.48758868705661035,0.05131675,0.015760917,0.035555832
16,72,60,120,0,0,1.0,0,0,0,1,0,0,0,0,0,0,0,0,0,0,0,1,0,0.5018194978261225,0.17246135,0.0043333718,0.16812797
17,24,46,163,1,0,1.0,0,0,1,0,0,0,0,0,0,0,0,0,0,0,0,0,0,0.4986719796143966,0.0657036,0.02397507,0.04172853
18,95,36,148,1,0,0.0,0,0,0,0,0,0,0,0,0,1,0,0,0,0,1,0,0,0.46553183825503136,0.039345883,0.09625469,-0.05690881
19,3,54,32,0,0,0.0,0,0,0,0,0,0,0,0,0,0,1,0,0,1,0,0,0,0.5156484403246827,0.021390269,0.019950856,0.001439413
20,28,54,65,1,0,1.0,0,0,0,0,0,0,0,0,0,0,1,0,0,0,0,0,0,0.5246435253366546,0.26004854,0.11965806,0.14039049
21,87,18,0,0,0,1.0,1,0,0,0,0,0,0,0,0,0,0,0,0,0,0,0,1,0.48290357037482046,0.054027624,0.014266865,0.03976076
22,24,25,102,1,0,0.0,0,0,1,0,0,0,0,0,0,0,0,0,0,1,0,0,0,0.4669079745277569,0.07456444,0.01451468,0.06004976
23,75,45,58,1,0,0.0,0,0,1,0,0,0,0,0,0,0,0,0,0,1,0,0,0,0.47451431365412816,0.039252374,0.024405798,0.014846576
24,94,18,57,1,0,1.0,0,0,0,0,1,0,0,0,0,0,0,0,0,1,0,0,0,0.44321963843578893,0.031291015,0.36850753,-0.33721653
25,79,48,117,0,0,0.0,0,0,0,1,0,0,0,0,0,0,0,0,0,0,1,0,0,0.48889651789850336,0.034033008,0.007970436,0.026062572
26,82,24,51,1,0,0.0,0,0,0,0,0,1,0,0,0,0,0,0,0,0,0,1,0,0.4796990146840807,0.04466709,0.064415224,-0.019748133
27,95,21,120,1,0,0.0,0,0,0,0,0,0,0,0,0,1,0,0,0,0,0,0,0,0.45780015448370975,0.21432506,0.04305709,0.17126796
28,47,26,68,0,0,0.0,0,0,0,1,0,0,0,0,0,0,0,0,0,0,0,1,0,0.49141281265198855,0.0417854,0.003696871,0.03808853
29,81,26,66,1,0,0.0,0,0,0,0,0,0,0,0,0,0,0,1,0,0,0,0,1,0.47878905228202745,0.083792426,0.04056109,0.043231335
30,82,39,23,0,0,0.0,0,0,0,0,0,1,0,0,0,0,0,0,0,0,0,1,0,0.49905818057948326,0.01181027,0.015545012,-0.0037347423
31,2,46,130,1,0,0.0,0,0,1,0,0,0,0,0,0,0,0,0,0,0,0,0,1,0.513943726673856,0.068922095,0.004107071,0.06481502
32,64,42,4,1,0,1.0,0,0,0,0,0,0,0,0,1,0,0,0,1,0,0,0,0,0.5126122093746953,0.014353785,0.29995504,-0.28560126
33,14,45,90,0,0,1.0,0,0,0,0,0,0,0,0,1,0,0,0,0,0,1,0,0,0.5167109690730987,0.035371516,0.06574628,-0.030374762
34,26,41,42,0,0,1.0,0,0,0,0,0,0,0,0,1,0,0,0,0,0,0,1,0,0.5184200292001775,0.03366504,0.05536725,-0.021702211
35,3,22,56,1,0,1.0,0,0,0,0,0,0,0,0,0,0,1,0,0,0,0,1,0,0.5071637474892541,0.10975112,0.09159751,0.018153608
36,26,39,128,1,0,1.0,0,0,0,0,0,0,0,0,1,0,0,0,0,0,1,0,0,0.4988153255687087,0.16396967,0.06993641,0.094033256
37,95,54,122,1,1,1.0,0,0,0,0,0,0,0,0,0,1,0,0,0,1,0,0,0,0.4617860760873745,0.5166205,0.064438544,0.45218197
38,94,20,81,1,0,1.0,0,0,0,0,1,0,0,0,0,0,0,0,0,0,0,0,0,0.4653077788677182,0.044217095,0.2081524,-0.1639353
39,44,37,125,1,0,1.0,0,0,0,0,1,0,0,0,0,0,0,0,1,0,0,0,0,0.4907189168409511,0.04126104,0.23353513,-0.1922741
40,40,50,8,1,0,1.0,0,0,1,0,0,0,0,0,0,0,0,0,0,1,0,0,0,0.5028010120409454,0.051605046,0.018911012,0.032694034
41,10,42,19,1,0,1.0,0,0,0,0,0,0,1,0,0,0,0,0,0,0,1,0,0,0.5301988413854722,0.06437447,0.054465767,0.009908702
42,25,51,93,0,1,1.0,0,0,1,0,0,0,0,0,0,0,0,0,0,0,0,1,0,0.5172968715805819,0.12665449,0.014300265,0.11235423
43,9,60,104,0,0,0.0,0,0,0,0,0,0,0,1,0,0,0,0,0,0,0,1,0,0.5292784845895948,0.29081962,0.0067614964,0.28405812
44,64,31,119,0,0,1.0,0,0,0,0,0,0,0,0,1,0,0,0,0,1,0,0,0,0.4535516162988559,0.05510508,0.055877604,-0.0007725246
45,25,27,148,1,0,0.0,0,0,1,0,0,0,0,0,0,0,0,0,0,1,0,0,0,0.458856183936355,0.056167673,0.059747532,-0.0035798587
46,64,41,166,1,0,0.0,0,0,0,0,0,0,0,0,1,0,0,0,0,0,0,1,0,0.47818757379884685,0.4252158,0.054132696,0.3710831
47,4,54,16,1,0,0.0,0,0,0,1,0,0,0,0,0,0,0,0,1,0,0,0,0,0.5439053526337276,0.026847152,0.032109775,-0.0052626226
48,27,25,8,0,0,0.0,0,0,1,0,0,0,0,0,0,0,0,0,0,0,0,0,0,0.5106025597262107,0.11965877,0.008543119,0.11111565
49,67,34,38,0,0,0.0,0,0,0,1,0,0,0,0,0,0,0,0,0,0,1,0,0,0.4971855661628293,0.011291092,0.0037179147,0.0075731776
50,82,32,45,0,0,1.0,0,0,0,0,0,1,0,0,0,0,0,0,1,0,0,0,0,0.4881715755752633,0.0046527158,0.016874054,-0.012221338
51,76,40,129,1,0,0.0,0,0,0,0,0,0,0,0,1,0,0,0,0,1,0,0,0,0.45500779614376957,0.23599815,0.144903,0.09109515
52,35,29,49,1,0,0.0,0,0,0,0,0,0,1,0,0,0,0,0,0,0,0,0,1,0.5026657639064048,0.06863564,0.0046844184,0.063951224
53,67,25,104,0,0,1.0,0,0,0,1,0,0,0,0,0,0,0,0,0,0,0,1,0,0.4753981414971934,0.040686168,0.004021544,0.036664624
54,55,36,124,0,0,0.0,0,0,0,0,0,0,0,0,0,0,0,0,0,0,0,1,0,0.4858017972525231,0.054708097,0.017207945,0.03750015
55,37,53,158,1,0,0.0,1,0,0,0,0,0,0,0,0,0,0,0,0,0,1,0,0,0.5010519676514706,0.03405385,0.06371505,-0.029661197
56,59,24,132,0,0,0.0,0,0,0,0,0,0,0,1,0,0,0,0,0,1,0,0,0,0.4465160919577803,0.13596869,0.01968564,0.116283044
57,22,37,39,0,0,1.0,0,0,0,1,0,0,0,0,0,0,0,0,0,0,0,1,0,0.516958441226162,0.03414446,0.003677838,0.030466624
58,98,39,12,0,0,1.0,0,0,0,0,0,0,0,0,0,0,1,0,0,0,1,0,0,0.4951944527783159,0.019973688,0.017468762,0.0025049262
59,96,41,67,0,0,1.0,0,0,0,0,0,0,0,0,1,0,0,0,0,0,1,0,0,0.4863893969533622,0.0045294743,0.075336754,-0.07080728
60,46,31,31,0,0,1.0,0,0,0,0,0,0,0,0,1,0,0,0,0,0,0,0,1,0.503979857118444,0.021271443,0.0060818098,0.015189633
61,19,29,145,0,0,1.0,0,0,0,0,1,0,0,0,0,0,0,0,0,1,0,0,0,0.4635614410194147,0.0632691,0.16951515,-0.10624605
62,11,53,52,1,1,1.0,0,0,0,0,1,0,0,0,0,0,0,0,0,0,0,1,0,0.5329268770946843,0.491541,0.5387982,-0.047257215
63,88,29,9,0,0,0.0,0,0,0,0,0,0,0,0,0,1,0,0,0,1,0,0,0,0.46522366621782346,0.051331606,0.018530384,0.032801222
64,23,29,57,0,0,1.0,0,0,0,0,0,0,0,0,0,0,1,0,0,0,0,0,0,0.505615212525617,0.042698763,0.014667927,0.028030835
65,21,55,72,1,1,0.0,0,0,0,0,0,0,0,0,1,0,0,0,0,0,0,0,0,0.5267803884459806,0.52067035,0.48926073,0.03140962
66,10,34,148,1,0,1.0,0,0,0,0,0,0,1,0,0,0,0,0,0,0,1,0,0,0.49629149350179796,0.037757196,0.15227951,-0.114522316
67,2,18,90,0,0,1.0,0,0,1,0,0,0,0,0,0,0,0,0,0,0,1,0,0,0.4968899042477542,0.037226222,0.0073984847,0.029827738
68,30,52,66,1,0,0.0,0,0,0,0,0,0,0,0,0,0,0,0,0,0,0,0,1,0.5218650541336152,0.2017706,0.008226242,0.19354436
69,3,23,30,1,0,0.0,0,0,0,0,0,0,0,0,0,0,1,0,0,0,0,1,0,0.5134482817517445,0.08316945,0.07782191,0.0053475425
70,65,22,102,1,0,1.0,0,0,1,0,0,0,0,0,0,0,0,0,0,0,1,0,0,0.4738689556057348,0.08197279,0.00858107,0.07339172
71,92,35,172,1,0,0.0,0,0,0,1,0,0,0,0,0,0,0,0,0,1,0,0,0,0.43567690926501607,0.074226096,0.0058172788,0.06840882
72,26,41,18,1,0,1.0,0,0,0,0,0,0,0,0,1,0,0,0,0,0,0,0,0,0.5233796385537808,0.16220273,0.1378266,0.024376124
73,91,38,8,1,1,1.0,0,0,0,0,0,0,0,0,0,0,1,0,0,0,0,0,0,0.4978041434912071,0.6239431,0.06647537,0.5574677
74,13,29,130,0,0,1.0,0,0,0,0,0,0,0,0,0,1,0,0,1,0,0,0,0,0.4943418245612013,0.047624353,0.020538218,0.027086135
75,74,58,59,1,0,0.0,0,0,1,0,0,0,0,0,0,0,0,0,1,0,0,0,0,0.5118676304234321,0.00955628,0.0104429275,-0.00088664703
76,88,35,22,0,0,0.0,0,0,0,0,0,0,0,0,0,1,0,0,0,0,0,0,0,0.49334298306032,0.033364035,0.015545012,0.017819023
77,38,40,104,0,0,0.0,0,0,0,0,0,0,0,0,0,1,0,0,0,0,0,0,1,0.5000828143120566,0.022451349,0.0018399049,0.020611444
78,36,26,171,0,0,1.0,0,0,0,0,1,0,0,0,0,0,0,0,1,0,0,0,0,0.47433408146121586,0.12768918,0.01028967,0.11739951
79,99,45,149,0,1,1.0,0,0,1,0,0,0,0,0,0,0,0,0,0,0,0,1,0,0.47190879102316957,0.44470197,0.19168314,0.25301883
80,68,45,76,1,1,0.0,0,0,0,0,0,0,0,0,0,0,0,0,0,0,1,0,0,0.498889426246758,0.023829775,0.20416096,-0.18033119
81,4,42,171,1,0,0.0,0,0,0,1,0,0,0,0,0,0,0,0,0,1,0,0,0,0.47565493060398517,0.01606565,0.014353643,0.0017120065
82,26,54,126,1,0,0.0,0,0,0,0,0,0,0,0,1,0,0,0,0,1,0,0,0,0.4873692180066701,0.47498536,0.15561461,0.31937075
83,53,29,160,1,0,0.0,0,0,0,0,0,0,0,0,0,0,1,0,0,0,0,1,0,0.4728054661380931,0.21297735,0.17252903,0.040448323
84,40,45,167,1,0,0.0,0,0,1,0,0,0,0,0,0,0,0,0,0,0,0,0,1,0.49079900401577287,0.10989677,0.0010645412,0.10883223
85,54,25,29,1,0,0.0,0,0,0,1,0,0,0,0,0,0,0,0,0,0,1,0,0,0.4958939698322797,0.09110541,0.013573171,0.07753224
86,33,18,154,0,0,1.0,0,1,0,0,0,0,0,0,0,0,0,0,0,0,0,0,1,0.47177278764717806,0.024763698,0.0077374745,0.017026223
87,45,20,68,1,0,1.0,0,0,0,0,0,0,0,0,0,1,0,0,0,0,1,0,0,0.4867531192085804,0.08532949,0.035364266,0.04996522
88,93,19,18,0,0,0.0,0,0,0,0,0,0,0,0,0,0,0,0,0,0,0,1,0,0.47778732974429866,0.024317691,0.023621026,0.0006966647
89,19,19,124,1,0,1.0,0,0,0,0,1,0,0,0,0,0,0,0,0,1,0,0,0,0.4588877475628629,0.0465873,0.30491623,-0.25832894
90,12,43,56,1,0,0.0,1,0,0,0,0,0,0,0,0,0,0,0,1,0,0,0,0,0.522697822537028,0.010724184,0.20227858,-0.1915544
91,71,59,7,0,0,0.0,0,0,0,0,0,0,0,0,1,0,0,0,0,0,0,0,1,0.5246708986272457,0.033452194,0.008611887,0.024840306
92,4,23,56,1,0,0.0,0,0,0,1,0,0,0,0,0,0,0,0,0,0,1,0,0,0.5076847480675576,0.069244824,0.014810546,0.054434277
93,58,41,116,0,0,0.0,0,1,0,0,0,0,0,0,0,0,0,0,0,0,0,0,1,0.4908283243057286,0.021694003,0.0036985013,0.017995501
94,60,53,97,1,0,1.0,0,0,0,0,0,0,1,0,0,0,0,0,0,0,0,0,0,0.504851932980083,0.13761339,0.11025128,0.027362108
95,68,47,32,0,0,1.0,0,0,0,0,0,0,0,0,0,0,0,0,0,0,1,0,0,0.5098066330246805,0.011365764,0.037890393,-0.02652463
96,95,38,124,1,0,0.0,0,0,0,0,0,0,0,0,0,1,0,0,0,0,0,0,1,0.47228371347743947,0.071594894,0.0036498676,0.067945026
97,16,18,40,1,0,0.0,0,0,0,0,0,0,0,0,0,0,1,0,0,0,0,0,1,0.5018671471408739,0.075950444,0.009710815,0.066239625
98,58,28,49,0,0,0.0,0,1,0,0,0,0,0,0,0,0,0,0,0,0,0,1,0,0.49293360454299134,0.019465756,0.02068146,-0.0012157038
99,37,24,19,0,0,1.0,1,0,0,0,0,0,0,0,0,0,0,0,0,0,1,0,0,0.5035838650104149,0.02110786,0.006851742,0.014256118
100,91,29,138,1,1,0.0,0,0,0,0,0,0,0,0,0,0,1,0,0,1,0,0,0,0.4376376303981054,0.5518665,0.38932905,0.16253743
101,12,32,80,0,0,1.0,1,0,0,0,0,0,0,0,0,0,0,0,0,0,0,0,1,0.5077902455230082,0.011277004,0.0029573443,0.00831966
102,14,19,110,0,0,1.0,0,0,0,0,0,0,0,0,1,0,0,0,0,0,0,1,0,0.48905049891328983,0.082537636,0.049105424,0.03343221
103,99,37,81,0,0,0.0,0,0,1,0,0,0,0,0,0,0,0,0,0,0,0,0,0,0.47872952462435636,0.0820677,0.03982444,0.042243257
104,62,33,83,0,0,1.0,1,0,0,0,0,0,0,0,0,0,0,0,0,0,0,1,0,0.48888588771683317,0.009263282,0.02561341,-0.016350128
105,92,44,67,0,0,1.0,0,0,0,1,0,0,0,0,0,0,0,0,0,1,0,0,0,0.4652554003895225,0.014354473,0.018104192,-0.003749719
106,74,60,159,1,0,0.0,0,0,1,0,0,0,0,0,0,0,0,0,0,0,0,0,0,0.4929788010659574,0.121782094,0.014126564,0.10765553
107,52,25,155,1,0,0.0,0,0,1,0,0,0,0,0,0,0,0,0,0,0,0,0,1,0.4706116803985042,0.10874403,0.0070352843,0.10170875
108,89,40,62,0,0,0.0,0,0,0,0,0,0,0,0,1,0,0,0,0,0,0,0,1,0.48920454999682567,0.012112504,0.015328506,-0.0032160021
109,58,57,81,0,0,1.0,0,1,0,0,0,0,0,0,0,0,0,0,1,0,0,0,0,0.5125490170871242,0.004968479,0.08201672,-0.07704824
110,36,33,96,1,0,1.0,0,0,0,0,1,0,0,0,0,0,0,0,0,0,0,0,1,0.4961721200729866,0.06562017,0.0088750245,0.056745145
111,39,32,142,1,0,1.0,0,0,0,0,0,0,0,0,1,0,0,0,0,0,0,1,0,0.48459791298475374,0.27154452,0.364041,-0.092496485
112,70,59,127,1,0,1.0,0,0,0,0,0,0,0,0,0,1,0,0,0,0,0,0,0,0.5002331078999097,0.12520179,0.05389855,0.07130324
113,42,27,136,1,0,0.0,0,0,0,1,0,0,0,0,0,0,0,0,0,0,0,0,0,0.48016943819101343,0.11188264,0.074968636,0.036914006
114,78,46,87,0,0,0.0,0,0,0,0,0,0,0,0,0,0,1,0,0,0,0,0,0,0.4936793975329745,0.022658886,0.023246964,-0.00058807805
115,95,21,24,0,0,1.0,0,0,0,0,0,0,0,0,0,1,0,0,0,0,0,0,1,0.47758787598987756,0.011354855,0.0040562963,0.007298559
116,58,30,94,1,0,0.0,0,1,0,0,0,0,0,0,0,0,0,0,1,0,0,0,0,0.48543149735527624,0.010500401,0.07556475,-0.06506435
117,7,58,154,0,0,0.0,0,0,0,0,0,1,0,0,0,0,0,0,0,0,0,0,0,0.5179114295986086,0.05505045,0.007520665,0.047529787
118,57,60,92,0,0,0.0,0,0,0,0,0,1,0,0,0,0,0,0,0,0,0,1,0,0.513369916466745,0.04429177,0.0077120573,0.03657971
119,55,49,164,0,1,1.0,0,0,0,0,0,0,0,0,0,0,0,0,0,0,0,0,0,0.48928315459093025,0.23963201,0.0057470277,0.23388499
120,96,55,168,0,1,1.0,0,0,0,0,0,0,0,0,1,0,0,0,0,0,0,1,0,0.4781605603356283,0.75878036,0.1961614,0.562619
121,98,54,71,0,0,0.0,0,0,0,0,0,0,0,0,0,0,1,0,0,0,1,0,0,0.4965544904436305,0.05535276,0.08149994,-0.026147183
122,44,56,1,0,0,0.0,0,0,0,0,1,0,0,0,0,0,0,0,0,0,1,0,0,0.5335308234012912,0.038153917,0.07346067,-0.03530675
123,45,38,24,1,0,0.0,0,0,0,0,0,0,0,0,0,1,0,0,0,0,0,1,0,0.5121449702319774,0.056646015,0.059733406,-0.0030873902
124,77,25,119,1,0,0.0,0,0,1,0,0,0,0,0,0,0,0,0,0,0,0,0,1,0.4684767770416148,0.110797346,0.0016924798,0.109104864
125,55,54,130,1,0,1.0,0,0,0,0,0,0,0,0,0,0,0,0,0,0,0,1,0,0.5008446296379757,0.14442019,0.11518745,0.02923274
126,83,23,96,1,0,0.0,0,1,0,0,0,0,0,0,0,0,0,0,1,0,0,0,0,0.46912282458876176,0.01789634,0.051663768,-0.03376743
127,55,48,43,1,0,1.0,0,0,0,0,0,0,0,0,0,0,0,0,0,0,1,0,0,0.5134220272880877,0.044688534,0.1336035,-0.08891496
128,80,18,35,1,0,1.0,0,0,0,0,0,0,0,0,0,0,0,0,0,0,0,0,1,0.4783516616984142,0.036957186,0.008744462,0.028212722
129,57,30,23,0,0,1.0,0,0,0,0,0,1,0,0,0,0,0,0,0,0,0,0,0,0.5005091660299166,0.01186059,0.016542856,-0.004682265
130,22,48,170,0,0,1.0,0,0,0,1,0,0,0,0,0,0,0,0,0,0,0,1,0,0.4998003675746905,0.09353153,0.001339278,0.09219225
131,6,51,67,1,0,1.0,0,0,0,0,0,0,0,0,0,0,0,1,0,0,0,0,0,0.5299427325380625,0.087484285,0.58540577,-0.49792147
132,35,42,72,1,0,1.0,0,0,0,0,0,0,1,0,0,0,0,0,0,0,1,0,0,0.5096673526595914,0.03975983,0.07003533,-0.030275501
133,49,47,116,1,0,1.0,0,0,1,0,0,0,0,0,0,0,0,0,0,0,0,0,0,0.4997112008271875,0.10152566,0.021282336,0.08024332
134,17,53,40,0,0,1.0,0,0,0,1,0,0,0,0,0,0,0,0,1,0,0,0,0,0.53310736725946,0.027041463,0.008995498,0.018045966
135,12,50,32,0,0,0.0,1,0,0,0,0,0,0,0,0,0,0,0,0,0,0,0,1,0.5339638886362914,0.013248374,0.004797805,0.008450569
136,60,53,0,1,0,1.0,0,0,0,0,0,0,1,0,0,0,0,0,0,0,0,0,0,0.5249117791809824,0.13218862,0.13339968,-0.0012110621
137,65,41,96,1,0,1.0,0,0,1,0,0,0,0,0,0,0,0,0,0,1,0,0,0,0.4668926194297234,0.05061872,0.021202592,0.029416127
138,76,31,31,0,0,1.0,0,0,0,0,0,0,0,0,1,0,0,0,0,1,0,0,0,0.46707645872946085,0.018888107,0.0650951,-0.04620699
139,32,50,174,0,0,1.0,0,0,0,0,0,1,0,0,0,0,0,0,0,0,0,0,1,0.4969440682622362,0.047689993,0.00091159134,0.046778403
140,99,58,37,1,0,0.0,0,0,1,0,0,0,0,0,0,0,0,0,1,0,0,0,0,0.5068283849398455,0.023289477,0.011803773,0.011485704
141,83,45,48,0,0,0.0,0,1,0,0,0,0,0,0,0,0,0,0,0,0,0,0,0,0.498928600080479,0.0153238075,0.029652635,-0.014328827
142,75,21,25,0,0,1.0,0,0,1,0,0,0,0,0,0,0,0,0,1,0,0,0,0,0.4850465774561168,0.02868803,0.011020527,0.017667502
143,72,53,14,0,0,1.0,0,0,0,1,0,0,0,0,0,0,0,0,1,0,0,0,0,0.5174214054113073,0.005584605,0.005648525,-6.391993e-05
144,69,49,49,0,0,1.0,0,0,0,0,1,0,0,0,0,0,0,0,0,0,1,0,0,0.5077140893006085,0.023141643,0.09721683,-0.074075185
145,85,42,113,1,0,1.0,0,0,0,0,0,0,1,0,0,0,0,0,1,0,0,0,0,0.4819980689419618,0.022123752,0.108795375,-0.08667162
146,28,30,58,0,0,0.0,0,0,0,0,0,0,0,0,0,0,1,0,1,0,0,0,0,0.5043941805967582,0.025950769,0.017267205,0.008683564
147,61,51,66,1,1,0.0,0,0,0,0,1,0,0,0,0,0,0,0,0,0,0,1,0,0.5090748428176494,0.23919284,0.49575314,-0.2565603
148,28,40,153,0,0,0.0,0,0,0,0,0,0,0,0,0,0,1,0,0,0,1,0,0,0.49377760107709373,0.05059723,0.019342009,0.031255223
149,54,35,7,1,0,1.0,0,0,0,1,0,0,0,0,0,0,0,0,0,0,1,0,0,0.5094963356599898,0.06149444,0.012867563,0.048626877
150,18,27,144,0,0,0.0,0,0,0,0,0,0,0,0,0,0,0,0,0,0,1,0,0,0.48771693159062235,0.047203317,0.040408432,0.006794885
151,86,24,23,0,0,0.0,0,0,0,0,1,0,0,0,0,0,0,0,0,0,0,0,1,0.483954489268719,0.02112294,0.006136867,0.014986073
152,51,51,22,0,0,0.0,0,0,0,0,0,0,0,0,1,0,0,0,0,0,0,1,0,0.5220083579366569,0.03811215,0.092843086,-0.054730937
153,46,26,156,1,0,0.0,0,0,0,0,0,0,0,0,1,0,0,0,0,1,0,0,0,0.44832695365898256,0.38970068,0.2679419,0.12175879
154,6,41,157,1,1,0.0,0,0,0,0,0,0,0,0,0,0,0,1,0,1,0,0,0,0.476877803628978,0.027256582,0.91872257,-0.89146596
155,2,21,2,0,0,1.0,0,0,1,0,0,0,0,0,0,0,0,0,0,0,0,1,0,0.5178143236157888,0.07812573,0.010451608,0.06767412
156,27,47,179,1,0,0.0,0,0,1,0,0,0,0,0,0,0,0,0,0,0,0,0,1,0.49511339856364733,0.06278378,0.0011404445,0.061643332
157,9,29,137,0,1,1.0,0,0,0,0,0,0,0,1,0,0,0,0,1,0,0,0,0,0.49442797372744884,0.42774674,0.13814135,0.28960538
158,45,46,160,1,0,1.0,0,0,0,0,0,0,0,0,0,1,0,0,0,1,0,0,0,0.4658494088017229,0.044637263,0.13835661,-0.09371935
159,45,40,102,1,0,0.0,0,0,0,0,0,0,0,0,0,1,0,0,0,1,0,0,0,0.47240145672730954,0.04161448,0.058983076,-0.017368596
160,32,29,175,0,0,0.0,0,0,0,0,0,1,0,0,0,0,0,0,0,1,0,0,0,0.45244094070057855,0.041014064,0.0048746313,0.036139432
161,34,46,39,1,0,0.0,0,0,0,0,0,0,0,1,0,0,0,0,0,0,0,0,0,0.5204920606162418,0.09325521,0.09272364,0.0005315691
162,38,49,52,0,0,1.0,0,0,0,0,0,0,0,0,0,1,0,0,0,0,0,0,1,0.5189827703738972,0.02300969,0.0042132866,0.018796403
163,76,19,60,1,0,1.0,0,0,0,0,0,0,0,0,1,0,0,0,1,0,0,0,0,0.47562230407199646,0.043308992,0.25645152,-0.21314253
164,57,21,106,1,0,1.0,0,0,0,0,0,1,0,0,0,0,0,0,0,0,1,0,0,0.475203014059051,0.06495774,0.030704677,0.03425306
165,62,25,171,0,0,1.0,1,0,0,0,0,0,0,0,0,0,0,0,0,0,0,0,0,0.46349248979413676,0.039947115,0.0053281807,0.034618933
166,10,23,124,1,0,1.0,0,0,0,0,0,0,1,0,0,0,0,0,1,0,0,0,0,0.49130640644212964,0.07358216,0.14119294,-0.067610785
167,1,32,6,1,1,1.0,0,0,0,0,0,0,0,0,1,0,0,0,0,0,0,1,0,0.527304661424112,0.5618406,0.17152572,0.39031488
168,97,51,65,0,0,1.0,0,0,0,1,0,0,0,0,0,0,0,0,1,0,0,0,0,0.4954656681263218,0.0042901426,0.052296862,-0.04800672
169,32,23,161,1,0,0.0,0,0,0,0,0,1,0,0,0,0,0,0,1,0,0,0,0,0.4752224205890105,0.034635607,0.05390132,-0.019265711
170,3,20,21,0,0,0.0,0,0,0,0,0,0,0,0,0,0,1,0,1,0,0,0,0,0.5125971948499255,0.13098852,0.02234587,0.10864265
171,48,23,23,0,0,0.0,0,0,0,0,0,0,0,0,0,0,1,0,1,0,0,0,0,0.49762900364102747,0.07492394,0.015147848,0.05977609
172,16,43,103,1,0,1.0,0,0,0,0,0,0,0,0,0,0,1,0,0,0,0,1,0,0.5114465281419687,0.106030785,0.12887728,-0.022846498
173,69,32,166,1,0,1.0,0,0,0,0,1,0,0,0,0,0,0,0,0,0,1,0,0,0.4681534531635329,0.11144318,0.045195866,0.066247314
174,2,47,168,0,0,0.0,0,0,1,0,0,0,0,0,0,0,0,0,1,0,0,0,0,0.5069852939991498,0.050186355,0.012597601,0.037588753
175,56,39,173,1,0,0.0,0,0,0,0,0,0,0,0,0,0,0,1,0,0,1,0,0,0.4779994928260008,0.0675408,0.06715973,0.00038107485
176,31,29,97,1,1,0.0,0,0,0,0,0,0,0,0,0,0,0,1,0,1,0,0,0,0.4688679427323247,0.17285934,0.8039228,-0.63106346
177,72,30,66,0,0,0.0,0,0,0,1,0,0,0,0,0,0,0,0,0,1,0,0,0,0.46049610164738286,0.011777199,0.005623512,0.006153687
178,41,30,89,1,0,1.0,0,0,0,0,0,0,0,0,0,0,1,0,0,0,0,1,0,0.4929877418825472,0.1531938,0.044935357,0.10825844
179,21,45,164,1,1,1.0,0,0,0,0,0,0,0,0,1,0,0,0,0,0,1,0,0,0.4987114783304645,0.5677487,0.047607843,0.5201409
180,6,49,109,1,0,1.0,0,0,0,0,0,0,0,0,0,0,0,1,0,1,0,0,0,0.49403768204686255,0.057448298,0.741998,-0.6845497
181,69,27,74,0,0,0.0,0,0,0,0,1,0,0,0,0,0,0,0,0,1,0,0,0,0.4572984122505044,0.03831721,0.10492058,-0.06660337
182,56,26,123,0,0,0.0,0,0,0,0,0,0,0,0,0,0,0,1,0,0,0,0,1,0.4765890125578378,0.086781345,0.012115859,0.07466549
183,42,36,9,1,0,0.0,0,0,0,1,0,0,0,0,0,0,0,0,0,0,0,1,0,0.5145900065287411,0.13783741,0.014758592,0.123078816
184,100,24,4,0,0,1.0,0,0,1,0,0,0,0,0,0,0,0,0,0,0,1,0,0,0.48251597331776974,0.06485446,0.016020395,0.048834063
185,70,60,156,1,0,0.0,0,0,0,0,0,0,0,0,0,1,0,0,0,0,1,0,0,0.4951347910597563,0.050891027,0.023084268,0.027806759
186,3,40,45,0,0,0.0,0,0,0,0,0,0,0,0,0,0,1,0,0,0,0,1,0,0.5257074351341079,0.01658547,0.022775441,-0.006189972
187,44,38,81,1,0,1.0,0,0,0,0,1,0,0,0,0,0,0,0,0,1,0,0,0,0.47531470738525755,0.036056273,0.27524972,-0.23919344
188,44,33,113,1,0,0.0,0,0,0,0,1,0,0,0,0,0,0,0,1,0,0,0,0,0.48958380477219193,0.044154294,0.20283021,-0.15867591
189,16,42,59,1,1,0.0,0,0,0,0,0,0,0,0,0,0,1,0,1,0,0,0,0,0.519642092235536,0.021621283,0.22490576,-0.20328447
190,12,56,108,0,0,0.0,1,0,0,0,0,0,0,0,0,0,0,0,0,0,1,0,0,0.5236950395964536,0.0155174015,0.014819859,0.0006975429
191,20,46,60,1,0,1.0,0,0,0,0,0,0,0,0,0,1,0,0,0,0,1,0,0,0.5215163578746049,0.04693202,0.14551252,-0.0985805
192,44,26,37,1,0,0.0,0,0,0,0,1,0,0,0,0,0,0,0,0,0,0,0,0,0.4989808397544395,0.16242398,0.20912926,-0.046705276
193,37,49,180,0,0,1.0,1,0,0,0,0,0,0,0,0,0,0,0,1,0,0,0,0,0.49287842864289255,0.013472565,0.0044876817,0.008984884
194,71,59,77,1,0,0.0,0,0,0,0,0,0,0,0,1,0,0,0,0,0,1,0,0,0.5101985688648857,0.12884074,0.056046322,0.07279442
195,88,24,177,0,0,0.0,0,0,0,0,0,0,0,0,0,1,0,0,0,0,0,1,0,0.4514546329390748,0.2275291,0.0045476914,0.22298141
196,60,31,77,1,0,1.0,0,0,0,0,0,0,1,0,0,0,0,0,0,0,1,0,0,0.4890856424717158,0.019311802,0.055770073,-0.03645827
197,67,29,82,0,0,1.0,0,0,0,1,0,0,0,0,0,0,0,0,0,0,0,0,0,0.48355821123675263,0.026097879,0.0067425524,0.019355327
198,63,60,44,0,0,1.0,0,0,0,0,0,0,0,0,0,1,0,0,0,0,0,0,0,0.520994530293557,0.033510678,0.010281501,0.023229176
199,17,34,177,0,0,0.0,0,0,0,1,0,0,0,0,0,0,0,0,0,0,0,1,0,0.4876038670769683,0.056968383,0.0011608956,0.055807486
200,67,25,174,0,0,1.0,0,0,0,1,0,0,0,0,0,0,0,0,0,1,0,0,0,0.43580675808341957,0.05458066,0.0023047887,0.05227587
201,90,54,7,1,0,0.0,0,0,1,0,0,0,0,0,0,0,0,0,0,0,0,1,0,0.5128709879443991,0.19944687,0.028621897,0.17082497
202,9,23,8,0,0,0.0,0,0,0,0,0,0,0,1,0,0,0,0,0,0,0,0,1,0.5156977839816679,0.10303862,0.0023162114,0.1007224
203,16,54,176,1,0,0.0,0,0,0,0,0,0,0,0,0,0,1,0,0,1,0,0,0,0.48086333424789535,0.10822827,0.0333393,0.074888974
204,4,57,152,1,0,0.0,0,0,0,1,0,0,0,0,0,0,0,0,0,0,1,0,0,0.5185710907145991,0.022454798,0.037234046,-0.014779247
205,50,32,39,1,0,0.0,0,0,1,0,0,0,0,0,0,0,0,0,0,1,0,0,0,0.47627456877124663,0.03853023,0.017268637,0.021261593
206,33,26,130,0,0,0.0,0,1,0,0,0,0,0,0,0,0,0,0,0,1,0,0,0,0.45860868691418494,0.04350726,0.014254592,0.029252667
207,38,45,65,1,0,0.0,0,0,0,0,0,0,0,0,0,1,0,0,0,0,0,0,1,0.5126782824745181,0.06785995,0.009010835,0.05884911
208,74,60,164,0,0,1.0,0,0,1,0,0,0,0,0,0,0,0,0,1,0,0,0,0,0.491943967750557,0.050426938,0.0028723408,0.047554597
209,53,34,12,0,0,0.0,0,0,0,0,0,0,0,0,0,0,1,0,0,0,1,0,0,0.5079406255711432,0.057778735,0.009281092,0.048497643
210,21,26,72,1,1,1.0,0,0,0,0,0,0,0,0,1,0,0,0,0,0,1,0,0,0.5005630807223157,0.5328107,0.12153787,0.41127282
211,20,37,38,1,0,0.0,0,0,0,0,0,0,0,0,0,1,0,0,0,1,0,0,0,0.49250338657584847,0.0516179,0.098506875,-0.046888974
212,46,38,69,1,0,0.0,0,0,0,0,0,0,0,0,1,0,0,0,0,0,0,0,1,0.5024479050632858,0.17690259,0.012218689,0.16468391
213,100,22,94,1,1,1.0,0,0,1,0,0,0,0,0,0,0,0,0,0,0,1,0,0,0.4621403457654903,0.44267735,0.0075566545,0.4351207
214,92,18,135,0,0,0.0,0,0,0,1,0,0,0,0,0,0,0,0,1,0,0,0,0,0.45316864098022064,0.020447666,0.029331611,-0.008883946
215,53,38,148,0,0,1.0,0,0,0,0,0,0,0,0,0,0,1,0,0,0,0,1,0,0.4834132241948074,0.039482944,0.058596708,-0.019113764
216,73,36,129,0,0,0.0,0,0,0,0,0,0,0,0,0,0,1,0,0,1,0,0,0,0.45256061297233763,0.039893877,0.018865993,0.021027884
217,48,59,73,0,0,0.0,0,0,0,0,0,0,0,0,0,0,1,0,1,0,0,0,0,0.5198453332587625,0.013602378,0.008200163,0.005402215
218,38,43,35,0,0,1.0,0,0,0,0,0,0,0,0,0,1,0,0,0,0,0,0,0,0.5170749129549179,0.0362067,0.021528557,0.014678143
219,100,32,5,1,0,1.0,0,0,1,0,0,0,0,0,0,0,0,0,1,0,0,0,0,0.48954279048055854,0.05550749,0.019379603,0.036127888
220,28,42,14,0,0,1.0,0,0,0,0,0,0,0,0,0,0,1,0,1,0,0,0,0,0.5243427962725788,0.022463823,0.026716268,-0.004252445
221,72,22,68,0,0,0.0,0,0,0,1,0,0,0,0,0,0,0,0,1,0,0,0,0,0.4782107047892087,0.0062920693,0.0047985385,0.0014935308
222,83,46,104,0,0,1.0,0,1,0,0,0,0,0,0,0,0,0,0,0,0,0,1,0,0.48824292314356865,0.03917055,0.02478904,0.014381507
223,66,37,169,0,0,0.0,0,0,0,0,0,0,0,0,0,0,1,0,0,0,0,0,1,0.4731910675104634,0.037510477,0.0013366421,0.036173835
224,65,33,5,1,0,0.0,0,0,1,0,0,0,0,0,0,0,0,0,0,0,1,0,0,0.5038796124769909,0.028798608,0.010844934,0.017953675
225,68,43,140,0,0,0.0,0,0,0,0,0,0,0,0,0,0,0,0,0,0,1,0,0,0.48383631633214236,0.02158282,0.07324807,-0.051665254
226,58,46,20,0,0,1.0,0,1,0,0,0,0,0,0,0,0,0,0,1,0,0,0,0,0.5152205641241794,0.0055298097,0.034057803,-0.028527994
227,77,58,71,0,0,0.0,0,0,1,0,0,0,0,0,0,0,0,0,0,1,0,0,0,0.48280427032778045,0.058991604,0.0060299574,0.052961648
228,25,51,74,1,0,1.0,0,0,1,0,0,0,0,0,0,0,0,0,0,0,0,1,0,0.5212242768771808,0.10116669,0.033677164,0.06748952
229,14,28,83,1,0,0.0,0,0,0,0,0,0,0,0,1,0,0,0,0,0,0,0,1,0.5027824588817229,0.38338107,0.009302978,0.3740781
230,30,34,148,0,0,1.0,0,0,0,0,0,0,0,0,0,0,0,0,0,0,0,1,0,0.48861710959377896,0.041218832,0.03752378,0.0036950521
231,88,30,138,0,0,0.0,0,0,0,0,0,0,0,0,0,1,0,0,0,0,1,0,0,0.46486235675816745,0.05995474,0.05527395,0.00468079
232,94,34,87,1,0,0.0,0,0,0,0,1,0,0,0,0,0,0,0,0,0,0,1,0,0.4766957753376541,0.027777871,0.13521598,-0.10743811
233,3,28,76,0,0,0.0,0,0,0,0,0,0,0,0,0,0,1,0,0,0,0,0,1,0.5084527344529756,0.017795453,0.0034027013,0.014392751
234,45,24,169,1,0,1.0,0,0,0,0,0,0,0,0,0,1,0,0,1,0,0,0,0,0.46949926138508774,0.03839848,0.014480412,0.023918066
235,89,52,81,0,0,0.0,0,0,0,0,0,0,0,0,1,0,0,0,0,0,1,0,0,0.49612884331551305,0.019416815,0.10844831,-0.089031495
236,97,43,100,0,0,0.0,0,0,0,1,0,0,0,0,0,0,0,0,0,0,0,1,0,0.4809897916235077,0.06914277,0.019764805,0.049377963
237,46,38,112,1,0,0.0,0,0,0,0,0,0,0,0,1,0,0,0,1,0,0,0,0,0.4935466897611004,0.048181206,0.13040708,-0.082225874
238,16,27,23,1,0,0.0,0,0,0,0,0,0,0,0,0,0,1,0,0,1,0,0,0,0.48809624136910795,0.08724192,0.105743036,-0.018501118
239,32,59,162,0,0,0.0,0,0,0,0,0,1,0,0,0,0,0,0,1,0,0,0,0,0.5075719838704826,0.022909477,0.0041642073,0.01874527
240,31,45,154,1,1,0.0,0,0,0,0,0,0,0,0,0,0,0,1,1,0,0,0,0,0.4969435099990551,0.023954889,0.8943544,-0.87039953
241,37,40,119,0,0,1.0,1,0,0,0,0,0,0,0,0,0,0,0,0,0,0,1,0,0.49736144601685256,0.027638478,0.0127304,0.014908078
242,1,46,14,1,0,0.0,0,0,0,0,0,0,0,0,1,0,0,0,0,0,0,0,0,0.5382697618923795,0.29412368,0.23307386,0.06104982
243,88,51,101,1,0,0.0,0,0,0,0,0,0,0,0,0,1,0,0,0,0,0,0,0,0.4914682027241701,0.3077577,0.088418804,0.2193389
244,56,18,21,1,1,1.0,0,0,0,0,0,0,0,0,0,0,0,1,0,0,0,1,0,0.4904490138216528,0.43581548,0.18910703,0.24670845
245,47,26,77,0,0,0.0,0,0,0,1,0,0,0,0,0,0,0,0,0,0,0,0,0,0.48955036584241557,0.0417854,0.0034836526,0.038301747
246,90,26,177,1,0,1.0,0,0,1,0,0,0,0,0,0,0,0,0,1,0,0,0,0,0.45248724675951224,0.09843866,0.00784996,0.0905887
247,7,58,29,1,0,0.0,0,0,0,0,0,1,0,0,0,0,0,0,0,0,0,1,0,0.5436841596155584,0.06149588,0.03141973,0.03007615
248,57,24,98,0,0,0.0,0,0,0,0,0,1,0,0,0,0,0,0,0,0,1,0,0,0.4795649429043599,0.02441897,0.0068669706,0.017552
249,67,18,154,1,0,1.0,0,0,0,1,0,0,0,0,0,0,0,0,0,0,0,1,0,0.4587867795286461,0.058287907,0.11912607,-0.06083816
250,82,43,155,0,0,1.0,0,0,0,0,0,1,0,0,0,0,0,0,0,0,0,0,1,0.475372023165809,0.034963917,0.008205466,0.026758451
251,76,20,96,1,0,0.0,0,0,0,0,0,0,0,0,1,0,0,0,0,0,0,0,0,0.46909484185486977,0.4026799,0.0931168,0.3095631
252,29,45,76,0,0,0.0,0,0,0,1,0,0,0,0,0,0,0,0,1,0,0,0,0,0.5138546288085744,0.012529366,0.00803962,0.004489746
253,55,33,88,1,0,1.0,0,0,0,0,0,0,0,0,0,0,0,0,0,0,1,0,0,0.4905368169505838,0.03796313,0.030704677,0.0072584525
254,25,18,125,1,0,0.0,0,0,1,0,0,0,0,0,0,0,0,0,0,0,1,0,0,0.48082606290386165,0.053149104,0.011668145,0.04148096
255,89,23,106,1,0,0.0,0,0,0,0,0,0,0,0,1,0,0,0,0,1,0,0,0,0.4395705294239465,0.5219676,0.12139961,0.40056798
256,87,45,20,0,0,1.0,1,0,0,0,0,0,0,0,0,0,0,0,1,0,0,0,0,0.5031896848537546,0.0088496,0.026113693,-0.017264092
257,77,20,15,0,0,0.0,0,0,1,0,0,0,0,0,0,0,0,0,0,0,0,0,1,0.48544381120228186,0.051707078,0.0016435918,0.050063487
258,99,21,175,0,0,0.0,0,0,1,0,0,0,0,0,0,0,0,0,1,0,0,0,0,0.44500194193031284,0.15292832,0.011042382,0.14188594
259,19,48,143,0,0,1.0,0,0,0,0,1,0,0,0,0,0,0,0,1,0,0,0,0,0.5065408093651116,0.089444354,0.31415832,-0.22471397
260,52,46,10,1,0,0.0,0,0,1,0,0,0,0,0,0,0,0,0,0,1,0,0,0,0.4941617905978287,0.048536275,0.025506267,0.023030007
261,20,32,98,1,0,0.0,0,0,0,0,0,0,0,0,0,1,0,0,0,1,0,0,0,0.47557680084519516,0.053157024,0.081333295,-0.02817627
262,79,53,124,0,0,1.0,0,0,0,1,0,0,0,0,0,0,0,0,1,0,0,0,0,0.49197093415848775,0.023496337,0.0059965686,0.01749977
263,80,19,117,1,0,0.0,0,0,0,0,0,0,0,0,0,0,0,0,0,1,0,0,0,0.4371651035998256,0.07895723,0.07474795,0.00420928
264,18,44,83,0,0,1.0,0,0,0,0,0,0,0,0,0,0,0,0,0,0,0,0,0,0.5157209221498833,0.03950636,0.032436766,0.007069595
265,27,46,94,0,0,1.0,0,0,1,0,0,0,0,0,0,0,0,0,0,1,0,0,0,0.48637109704213505,0.07543855,0.011237698,0.064200856
266,13,53,151,0,0,1.0,0,0,0,0,0,0,0,0,0,1,0,0,1,0,0,0,0,0.511710463481565,0.02223447,0.051140133,-0.028905664
267,9,39,73,0,0,1.0,0,0,0,0,0,0,0,1,0,0,0,0,0,0,0,0,1,0.516719686581086,0.04982646,0.0035564527,0.04627001
268,27,56,158,0,0,1.0,0,0,1,0,0,0,0,0,0,0,0,0,0,0,0,0,1,0.5076043133494179,0.12267628,0.011845025,0.11083126
269,62,46,51,0,0,0.0,1,0,0,0,0,0,0,0,0,0,0,0,0,0,0,0,1,0.5072720710755088,0.0074837115,0.006719373,0.0007643383
270,35,46,1,0,1,0.0,0,0,0,0,0,0,1,0,0,0,0,0,0,0,0,0,0,0.527957066109672,0.0279304,0.16110282,-0.13317242
271,61,43,116,1,1,1.0,0,0,0,0,1,0,0,0,0,0,0,0,0,0,0,0,0,0.49148653516989693,0.47485694,0.41225663,0.062600315
272,39,44,162,0,0,1.0,0,0,0,0,0,0,0,0,1,0,0,0,1,0,0,0,0,0.4913127929718372,0.02843299,0.041799407,-0.013366418
273,44,19,67,0,0,0.0,0,0,0,0,1,0,0,0,0,0,0,0,0,0,1,0,0,0.48643924322406007,0.030168401,0.018795358,0.011373043
274,90,21,42,1,0,0.0,0,0,1,0,0,0,0,0,0,0,0,0,0,0,1,0,0,0.4757846294202782,0.26824206,0.010179368,0.2580627
275,85,18,109,1,0,0.0,0,0,0,0,0,0,1,0,0,0,0,0,0,0,1,0,0,0.4611783228948288,0.13521506,0.04389297,0.091322094
276,49,20,165,0,0,1.0,0,0,1,0,0,0,0,0,0,0,0,0,0,0,0,0,1,0.4651908244912666,0.11358458,0.00062006584,0.11296451
277,36,48,92,1,0,0.0,0,0,0,0,1,0,0,0,0,0,0,0,0,0,1,0,0,0.510572469433584,0.22759302,0.19724984,0.030343175
278,93,46,180,1,0,1.0,0,0,0,0,0,0,0,0,0,0,0,0,0,0,0,1,0,0.46871050633722705,0.16292828,0.01988873,0.14303955
279,97,37,180,0,0,0.0,0,0,0,1,0,0,0,0,0,0,0,0,0,1,0,0,0,0.43394159867122806,0.11840156,0.0039808196,0.114420734
280,11,50,38,1,0,1.0,0,0,0,0,1,0,0,0,0,0,0,0,0,0,0,1,0,0.5331094814346408,0.30659416,0.54570204,-0.23910788
281,15,41,138,1,0,1.0,0,0,1,0,0,0,0,0,0,0,0,0,1,0,0,0,0,0.5027769718437134,0.013700582,0.14298758,-0.129287
282,33,51,119,0,0,1.0,0,1,0,0,0,0,0,0,0,0,0,0,0,1,0,0,0,0.483420219528009,0.05186177,0.018953824,0.032907948
283,57,32,71,1,0,1.0,0,0,0,0,0,1,0,0,0,0,0,0,0,0,1,0,0,0.49238295267009874,0.016468707,0.047420293,-0.030951586
284,74,19,64,1,0,0.0,0,0,1,0,0,0,0,0,0,0,0,0,0,0,1,0,0,0.4755620211858843,0.040901497,0.008404306,0.03249719
285,89,26,131,0,0,0.0,0,0,0,0,0,0,0,0,1,0,0,0,1,0,0,0,0,0.4623214702283411,0.051429674,0.058057703,-0.006628029
286,73,48,65,1,0,1.0,0,0,0,0,0,0,0,0,0,0,1,0,0,0,0,0,0,0.5019622843593018,0.17872885,0.13036846,0.048360392
287,19,34,44,0,0,0.0,0,0,0,0,1,0,0,0,0,0,0,0,0,0,0,1,0,0.5143625806080355,0.02985623,0.055808805,-0.025952576
288,18,50,164,0,0,1.0,0,0,0,0,0,0,0,0,0,0,0,0,0,0,0,0,1,0.5043874536722874,0.1433736,0.0011618846,0.1422117
289,20,46,166,1,0,0.0,0,0,0,0,0,0,0,0,0,1,0,0,0,0,1,0,0,0.4995861918028197,0.08187753,0.025383519,0.056494012
290,12,56,8,1,0,1.0,1,0,0,0,0,0,0,0,0,0,0,0,0,0,1,0,0,0.5442977325472036,0.03249513,0.06543065,-0.03293552
291,6,59,75,1,0,1.0,0,0,0,0,0,0,0,0,0,0,0,1,0,0,1,0,0,0.5355020875023514,0.04790427,0.14588593,-0.09798166
292,22,59,28,0,0,0.0,0,0,0,1,0,0,0,0,0,0,0,0,0,1,0,0,0,0.5137103493868175,0.047666147,0.002829532,0.044836614
293,35,52,153,1,0,1.0,0,0,0,0,0,0,1,0,0,0,0,0,1,0,0,0,0,0.5019497269326381,0.01823055,0.14618075,-0.12795019
294,88,50,9,0,0,0.0,0,0,0,0,0,0,0,0,0,1,0,0,0,1,0,0,0,0.4841762343148059,0.044422515,0.0216056,0.022816915
295,30,28,11,1,0,0.0,0,0,0,0,0,0,0,0,0,0,0,0,0,0,0,0,1,0.5115444024293899,0.12746951,0.0043946076,0.123074904
296,60,30,133,1,0,1.0,0,0,0,0,0,0,1,0,0,0,0,0,0,0,0,1,0,0.47660330529372213,0.039991163,0.19813341,-0.15814224
297,57,24,16,0,0,1.0,0,0,0,0,0,1,0,0,0,0,0,0,0,1,0,0,0,0.47112408637484354,0.024120044,0.02064956,0.0034704842
298,88,56,98,1,1,1.0,0,0,0,0,0,0,0,0,0,1,0,0,0,1,0,0,0,0.4712081852796639,0.4918425,0.14817305,0.34366947
299,23,23,48,0,0,1.0,0,0,0,0,0,0,0,0,0,0,1,0,0,0,0,0,0,0.5020489832791283,0.037699047,0.014667927,0.02303112
300,84,52,60,0,0,0.0,0,0,0,0,0,0,0,1,0,0,0,0,0,0,1,0,0,0.5023951081153457,0.013652584,0.011447987,0.002204597
301,24,59,165,0,0,0.0,0,0,1,0,0,0,0,0,0,0,0,0,0,0,0,0,0,0.5100206926732065,0.31670406,0.0021886097,0.31451544
302,95,43,19,1,0,0.0,0,0,0,0,0,0,0,0,0,1,0,0,0,0,0,0,0,0.49851637372259505,0.042577248,0.0746023,-0.03202505
303,24,34,1,1,0,1.0,0,0,1,0,0,0,0,0,0,0,0,0,0,0,1,0,0,0.5213360908225132,0.05757267,0.0086416,0.04893107
304,99,35,116,0,0,1.0,0,0,1,0,0,0,0,0,0,0,0,0,0,0,1,0,0,0.46969851543030433,0.16802779,0.01592309,0.1521047
305,51,54,128,1,0,0.0,0,0,0,0,0,0,0,0,1,0,0,0,0,0,0,0,1,0.5027938855597579,0.60271007,0.0124675175,0.59024256
306,43,52,77,0,0,0.0,0,0,0,0,0,0,0,0,0,0,0,0,0,1,0,0,0,0.4891771970585864,0.0356984,0.01893671,0.016761689
307,92,48,40,0,0,0.0,0,0,0,1,0,0,0,0,0,0,0,0,1,0,0,0,0,0.4998451704661803,0.006535604,0.017698316,-0.011162711
308,97,32,38,1,0,1.0,0,0,0,1,0,0,0,0,0,0,0,0,1,0,0,0,0,0.48386685487076153,0.0119119575,0.013316355,-0.0014043972
309,79,35,171,0,0,1.0,0,0,0,1,0,0,0,0,0,0,0,0,0,1,0,0,0,0.4407941619106462,0.05494981,0.0019729657,0.052976843
310,65,45,94,1,0,0.0,0,0,1,0,0,0,0,0,0,0,0,0,0,0,0,0,0,0.4963146852842547,0.07966324,0.030609077,0.04905416
311,1,40,149,1,1,0.0,0,0,0,0,0,0,0,0,1,0,0,0,0,1,0,0,0,0.479542977508017,0.40162626,0.5010932,-0.09946695
312,28,20,147,1,0,0.0,0,0,0,0,0,0,0,0,0,0,1,0,0,0,0,1,0,0.47693714611390864,0.07639073,0.17524265,-0.09885192
313,89,43,86,0,1,0.0,0,0,0,0,0,0,0,0,1,0,0,0,0,0,0,1,0,0.48695229285489544,0.031439494,0.27137786,-0.23993836
314,15,33,19,0,1,1.0,0,0,1,0,0,0,0,0,0,0,0,0,0,0,0,0,0,0.5201612673021465,0.13275218,0.010359168,0.12239301
315,69,55,172,0,0,0.0,0,0,0,0,1,0,0,0,0,0,0,0,0,0,1,0,0,0.48768407427585914,0.3572417,0.012311045,0.34493065
316,87,19,145,1,0,0.0,1,0,0,0,0,0,0,0,0,0,0,0,0,0,0,0,1,0.4539159950076584,0.11165683,0.013689381,0.097967446
317,90,28,11,0,0,1.0,0,0,1,0,0,0,0,0,0,0,0,0,1,0,0,0,0,0.4885196235342324,0.12855396,0.02167628,0.10687768
318,34,19,180,1,0,0.0,0,0,0,0,0,0,0,1,0,0,0,0,1,0,0,0,0,0.4669298485232645,0.041780125,0.013510688,0.028269436
319,17,19,138,1,0,1.0,0,0,0,1,0,0,0,0,0,0,0,0,0,0,0,0,0,0.48210856135321956,0.06145908,0.10049,-0.039030917
320,42,32,135,0,0,1.0,0,0,0,1,0,0,0,0,0,0,0,0,0,0,0,0,1,0.48489529007825505,0.022981357,0.0027164537,0.020264903
321,24,35,136,0,0,1.0,0,0,1,0,0,0,0,0,0,0,0,0,0,0,0,0,1,0.49430736858836694,0.03460022,0.008486371,0.02611385
322,85,23,53,0,0,0.0,0,0,0,0,0,0,1,0,0,0,0,0,0,0,1,0,0,0.47723320219259335,0.023340598,0.023834758,-0.00049415976
323,100,25,89,1,0,0.0,0,0,1,0,0,0,0,0,0,0,0,0,1,0,0,0,0,0.4658707527308504,0.022947876,0.015361806,0.0075860694
324,77,49,130,0,0,0.0,0,0,1,0,0,0,0,0,0,0,0,0,0,0,0,0,1,0.4878784463232019,0.051656056,0.0029038673,0.04875219
325,50,38,120,1,0,1.0,0,0,1,0,0,0,0,0,0,0,0,0,0,0,0,1,0,0.4903561605694907,0.07383372,0.013500594,0.060333125
326,53,22,107,0,0,0.0,0,0,0,0,0,0,0,0,0,0,1,0,0,0,1,0,0,0.4774311726424007,0.06592385,0.0068669706,0.059056878
327,14,25,32,1,0,0.0,0,0,0,0,0,0,0,0,1,0,0,0,0,1,0,0,0,0.48519296722477806,0.25371742,0.2456476,0.008069828
328,29,48,116,0,1,1.0,0,0,0,1,0,0,0,0,0,0,0,0,0,0,0,0,0,0.5082916532801961,0.092491895,0.0054322295,0.08705966
329,72,35,88,1,0,0.0,0,0,0,1,0,0,0,0,0,0,0,0,0,0,1,0,0,0.48582450537107486,0.023675155,0.009140058,0.0145350965
330,83,38,83,0,0,1.0,0,1,0,0,0,0,0,0,0,0,0,0,0,0,0,1,0,0.4853527999303431,0.0117478715,0.023379479,-0.011631607
331,60,48,7,0,0,0.0,0,0,0,0,0,0,1,0,0,0,0,0,0,0,0,0,0,0.5189495979961573,0.016948909,0.08262226,-0.06567335
332,77,43,150,1,0,0.0,0,0,1,0,0,0,0,0,0,0,0,0,0,1,0,0,0,0.45300854409484226,0.06999624,0.05948579,0.010510448
333,16,45,163,1,0,1.0,0,0,0,0,0,0,0,0,0,0,1,0,0,0,0,0,1,0.5008375592467434,0.07136443,0.008941022,0.06242341
334,84,22,107,1,0,1.0,0,0,0,0,0,0,0,1,0,0,0,0,0,0,0,0,1,0.46557215189164497,0.079736024,0.003509775,0.07622625
335,79,59,141,0,0,1.0,0,0,0,1,0,0,0,0,0,0,0,0,0,1,0,0,0,0.46848565283742094,0.16609877,0.0070188073,0.15907997
336,47,18,2,1,0,1.0,0,0,0,1,0,0,0,0,0,0,0,0,0,0,0,0,0,0.4978354549030495,0.1071986,0.03634955,0.07084905
337,25,23,97,1,0,0.0,0,0,1,0,0,0,0,0,0,0,0,0,0,0,0,0,1,0.49113861839232037,0.10076735,0.0014419655,0.09932539
338,51,22,118,1,0,0.0,0,0,0,0,0,0,0,0,1,0,0,0,0,0,1,0,0,0.47592493453899626,0.50791174,0.06989066,0.43802106
339,6,36,136,0,1,0.0,0,0,0,0,0,0,0,0,0,0,0,1,0,0,0,1,0,0.50212069427791,0.044936236,0.78672856,-0.7417923
340,61,45,87,0,0,1.0,0,0,0,0,1,0,0,0,0,0,0,0,1,0,0,0,0,0.4992989721820908,0.040541686,0.090619855,-0.05007817
341,27,36,26,0,0,0.0,0,0,1,0,0,0,0,0,0,0,0,0,0,0,1,0,0,0.5168257717463689,0.041147687,0.0053355624,0.035812125
342,97,40,24,0,0,0.0,0,0,0,1,0,0,0,0,0,0,0,0,0,0,0,0,1,0.49399917121667164,0.009400837,0.0031513134,0.0062495237
343,29,34,0,1,1,1.0,0,0,0,1,0,0,0,0,0,0,0,0,0,0,0,1,0,0.5196269083163829,0.4527015,0.018502371,0.43419912
344,32,46,35,0,0,0.0,0,0,0,0,0,1,0,0,0,0,0,0,1,0,0,0,0,0.5220848500991757,0.021118114,0.027070345,-0.0059522316
345,68,47,67,0,0,1.0,0,0,0,0,0,0,0,0,0,0,0,0,1,0,0,0,0,0.502562385494282,0.004872698,0.05035579,-0.04548309
346,55,60,63,1,0,1.0,0,0,0,0,0,0,0,0,0,0,0,0,0,0,0,1,0,0.5201332409279635,0.12445858,0.050104305,0.074354276
347,59,35,110,0,0,1.0,0,0,0,0,0,0,0,1,0,0,0,0,0,0,1,0,0,0.4862594465804143,0.023464138,0.009793929,0.013670209
348,80,54,0,0,0,0.0,0,0,0,0,0,0,0,0,0,0,0,0,0,1,0,0,0,0.4927248178288238,0.06118187,0.05645049,0.0047313794
349,39,46,42,1,0,0.0,0,0,0,0,0,0,0,0,1,0,0,0,0,0,0,1,0,0.517955708823716,0.2069494,0.27287078,-0.06592138
350,5,29,19,1,0,1.0,0,0,0,0,0,0,0,0,0,0,0,0,0,0,1,0,0,0.5203793311396593,0.042727657,0.037760653,0.004967004
351,52,34,0,0,0,1.0,0,0,1,0,0,0,0,0,0,0,0,0,0,0,1,0,0,0.5108075893236216,0.18417642,0.018985882,0.16519053
352,74,19,59,1,0,1.0,0,0,1,0,0,0,0,0,0,0,0,0,1,0,0,0,0,0.4765947205451853,0.012959452,0.01706991,-0.0041104574
353,18,18,17,0,0,1.0,0,0,0,0,0,0,0,0,0,0,0,0,0,0,0,1,0,0.5058605764179971,0.048955157,0.033311862,0.015643295
354,47,35,131,1,0,0.0,0,0,0,1,0,0,0,0,0,0,0,0,0,1,0,0,0,0.4611561304169878,0.035762407,0.017107913,0.018654494
355,63,51,136,1,0,1.0,0,0,0,0,0,0,0,0,0,1,0,0,0,1,0,0,0,0.46842256300542956,0.05903182,0.41744053,-0.35840872
356,90,21,142,1,1,1.0,0,0,1,0,0,0,0,0,0,0,0,0,0,0,0,0,1,0.4551848808578467,0.50051266,0.011342325,0.48917034
357,96,56,89,1,0,0.0,0,0,0,0,0,0,0,0,1,0,0,0,0,0,0,0,1,0.4954058045176454,0.4956851,0.013619457,0.48206565
358,75,45,177,1,0,0.0,0,0,1,0,0,0,0,0,0,0,0,0,0,0,0,0,1,0.4753144184803666,0.061267436,0.0013123545,0.059955083
359,76,44,133,1,0,0.0,0,0,0,0,0,0,0,0,1,0,0,0,0,1,0,0,0,0.4577782181106749,0.34397802,0.3735782,-0.029600173
360,70,39,45,1,0,0.0,0,0,0,0,0,0,0,0,0,1,0,0,0,0,0,0,0,0.49910964670888136,0.03509529,0.12313027,-0.08803498
361,7,45,113,0,0,1.0,0,0,0,0,0,1,0,0,0,0,0,0,0,0,0,0,0,0.5146383927039165,0.028013734,0.028987292,-0.00097355805
362,43,46,153,1,0,1.0,0,0,0,0,0,0,0,0,0,0,0,0,1,0,0,0,0,0.4934500202954746,0.015271206,0.15802653,-0.14275533
363,6,29,15,1,0,0.0,0,0,0,0,0,0,0,0,0,0,0,1,0,0,0,0,0,0.5208228179920238,0.24462774,0.15802096,0.086606786
364,76,42,161,1,0,0.0,0,0,0,0,0,0,0,0,1,0,0,0,1,0,0,0,0,0.47552751983873187,0.05153949,0.1540411,-0.1025016
365,100,27,136,1,0,0.0,0,0,1,0,0,0,0,0,0,0,0,0,0,0,0,0,1,0.457997035141453,0.30793193,0.012525572,0.29540637
366,30,33,175,1,0,0.0,0,0,0,0,0,0,0,0,0,0,0,0,0,0,0,0,0,0.4821284568517081,0.049174894,0.014871506,0.03430339
367,37,56,102,0,0,1.0,1,0,0,0,0,0,0,0,0,0,0,0,1,0,0,0,0,0.5153547012217052,0.012060772,0.037511837,-0.025451064
368,4,56,177,1,0,1.0,0,0,0,1,0,0,0,0,0,0,0,0,0,0,0,1,0,0.5124967599650347,0.08372564,0.017864386,0.065861255
369,98,58,153,0,0,0.0,0,0,0,0,0,0,0,0,0,0,1,0,0,0,1,0,0,0.48320534373919644,0.28599623,0.023620613,0.26237562
370,23,37,70,0,0,1.0,0,0,0,0,0,0,0,0,0,0,1,0,1,0,0,0,0,0.5101623069698884,0.025047425,0.022376811,0.002670614
371,87,48,159,0,0,0.0,1,0,0,0,0,0,0,0,0,0,0,0,0,0,0,0,0,0.47714553613043803,0.11380327,0.051925246,0.06187802
372,48,57,86,0,0,1.0,0,0,0,0,0,0,0,0,0,0,1,0,0,0,1,0,0,0.5153499004959928,0.04430993,0.018344784,0.025965145
373,9,58,76,0,0,0.0,0,0,0,0,0,0,0,1,0,0,0,0,0,0,0,1,0,0.5332494039820544,0.17383961,0.007111587,0.16672802
374,40,55,176,0,0,0.0,0,0,1,0,0,0,0,0,0,0,0,0,0,0,0,0,0,0.49798414868632834,0.14279543,0.0083422335,0.13445319
375,72,47,145,0,0,0.0,0,0,0,1,0,0,0,0,0,0,0,0,1,0,0,0,0,0.4848846823447828,0.01673374,0.01537857,0.0013551693
376,10,51,160,1,0,0.0,0,0,0,0,0,0,1,0,0,0,0,0,0,0,1,0,0,0.509190029263854,0.07089407,0.10265267,-0.0317586
377,78,31,33,0,0,0.0,0,0,0,0,0,0,0,0,0,0,1,0,0,0,0,0,0,0.49128474353332585,0.019523634,0.016613523,0.002910111
378,27,21,75,0,0,0.0,0,0,1,0,0,0,0,0,0,0,0,0,0,0,0,1,0,0.4931149415315401,0.08379455,0.009328317,0.07446623
379,17,60,137,0,0,0.0,0,0,0,1,0,0,0,0,0,0,0,0,0,1,0,0,0,0.49397357569274214,0.12338424,0.0077605797,0.11562366
380,16,45,33,0,0,0.0,0,0,0,0,0,0,0,0,0,0,1,0,0,0,0,0,1,0.5277208982490534,0.022505937,0.004797805,0.017708132
381,81,49,52,0,0,0.0,0,0,0,0,0,0,0,0,0,0,0,1,0,0,1,0,0,0.5024878697116941,0.019761536,0.16115142,-0.14138989
382,3,30,34,0,0,0.0,0,0,0,0,0,0,0,0,0,0,1,0,0,1,0,0,0,0.4935215753876481,0.012584393,0.01838584,-0.0058014477
383,98,42,14,1,0,1.0,0,0,0,0,0,0,0,0,0,0,1,0,0,0,0,0,0,0.4974950871803522,0.14889856,0.0781734,0.07072516
384,81,47,86,1,1,0.0,0,0,0,0,0,0,0,0,0,0,0,1,0,0,1,0,0,0.4936399048979256,0.040018074,0.71859413,-0.67857605
385,40,30,5,1,0,0.0,0,0,1,0,0,0,0,0,0,0,0,0,0,0,0,1,0,0.5107585942718971,0.13428639,0.012976895,0.1213095
386,38,25,69,0,0,0.0,0,0,0,0,0,0,0,0,0,1,0,0,1,0,0,0,0,0.4937546769275675,0.031619444,0.016676843,0.014942601
387,87,59,121,0,0,0.0,1,0,0,0,0,0,0,0,0,0,0,0,0,0,0,0,0,0.4949505217962968,0.23110384,0.007742191,0.22336164
388,99,57,156,0,1,0.0,0,0,1,0,0,0,0,0,0,0,0,0,0,0,0,0,0,0.4812979672143501,0.5742565,0.49214503,0.08211145
389,8,30,125,0,0,0.0,0,1,0,0,0,0,0,0,0,0,0,0,0,0,0,1,0,0.4982006601892078,0.030221937,0.02076794,0.009453997
390,86,49,34,1,0,1.0,0,0,0,0,1,0,0,0,0,0,0,0,1,0,0,0,0,0.5042949621739466,0.047505867,0.33404598,-0.28654012
391,15,33,33,0,0,1.0,0,0,1,0,0,0,0,0,0,0,0,0,0,0,0,0,1,0.5172671423327748,0.042032715,0.0018754606,0.040157255
392,33,32,111,0,0,1.0,0,1,0,0,0,0,0,0,0,0,0,0,1,0,0,0,0,0.4933137497240037,0.020809993,0.013433815,0.007376178
393,76,44,46,1,0,1.0,0,0,0,0,0,0,0,0,1,0,0,0,0,0,0,0,1,0.5011243935247368,0.08064566,0.018889017,0.06175664
394,79,44,164,1,0,1.0,0,0,0,1,0,0,0,0,0,0,0,0,0,0,0,0,0,0.4755648059385316,0.1117959,0.0061952267,0.10560068
395,64,27,47,1,0,1.0,0,0,0,0,0,0,0,0,1,0,0,0,1,0,0,0,0,0.4901406251982962,0.053340282,0.2307428,-0.17740251
396,86,40,156,1,1,0.0,0,0,0,0,1,0,0,0,0,0,0,0,0,0,0,0,0,0.47092784627465367,0.120188706,0.47762173,-0.35743302
397,11,35,14,1,1,0.0,0,0,0,0,1,0,0,0,0,0,0,0,0,1,0,0,0,0.4991156248071413,0.10777757,0.46345404,-0.35567647
398,54,29,134,1,0,0.0,0,0,0,1,0,0,0,0,0,0,0,0,0,0,0,1,0,0.4777917692375067,0.10018275,0.043177266,0.057005484
399,74,33,124,1,0,0.0,0,0,1,0,0,0,0,0,0,0,0,0,0,0,1,0,0,0.4758096219218701,0.03145794,0.0067476095,0.02471033
400,25,49,14,1,0,1.0,0,0,1,0,0,0,0,0,0,0,0,0,1,0,0,0,0,0.5318050056892972,0.039244626,0.028496338,0.010748288
401,14,36,166,1,0,0.0,0,0,0,0,0,0,0,0,1,0,0,0,0,0,0,0,1,0.4928402693249451,0.5686676,0.0037561436,0.5649114
402,44,49,105,1,0,0.0,0,0,0,0,1,0,0,0,0,0,0,0,0,0,0,0,1,0.5057170334858034,0.284974,0.016752815,0.2682212
403,43,47,22,0,0,1.0,0,0,0,0,0,0,0,0,0,0,0,0,0,0,1,0,0,0.52146019024913,0.017725013,0.019946352,-0.0022213385
404,77,31,137,0,0,1.0,0,0,1,0,0,0,0,0,0,0,0,0,0,0,1,0,0,0.47017369414823956,0.02182902,0.030994393,-0.009165373
405,20,19,81,1,0,1.0,0,0,0,0,0,0,0,0,0,1,0,0,1,0,0,0,0,0.49274977146582855,0.045398198,0.12016664,-0.07476844
406,42,51,23,0,0,0.0,0,0,0,1,0,0,0,0,0,0,0,0,0,0,0,0,0,0.525248408129546,0.03630276,0.0051081986,0.031194562
407,29,53,48,0,0,0.0,0,0,0,1,0,0,0,0,0,0,0,0,0,1,0,0,0,0.5014572300526445,0.03727089,0.0049956907,0.0322752
408,71,27,117,1,1,1.0,0,0,0,0,0,0,0,0,1,0,0,0,0,1,0,0,0,0.44771673430944214,0.5635099,0.21699962,0.34651026
409,65,39,43,1,0,1.0,0,0,1,0,0,0,0,0,0,0,0,0,0,1,0,0,0,0.4760243795983802,0.032672845,0.028425787,0.004247058
410,94,27,71,1,0,0.0,0,0,0,0,1,0,0,0,0,0,0,0,0,0,1,0,0,0.4736809399154035,0.06769665,0.08384397,-0.016147316
411,51,22,34,1,1,1.0,0,0,0,0,0,0,0,0,1,0,0,0,0,0,0,0,0,0.49329586379181867,0.43462065,0.19248901,0.24213164
412,19,28,116,0,0,1.0,0,0,0,0,1,0,0,0,0,0,0,0,0,0,0,0,1,0.4940322449860548,0.051545203,0.0062632305,0.045281973
413,61,18,51,1,0,1.0,0,0,0,0,1,0,0,0,0,0,0,0,0,0,0,0,0,0.48232573422459024,0.06339121,0.48218504,-0.41879383
414,78,43,5,0,0,1.0,0,0,0,0,0,0,0,0,0,0,1,0,1,0,0,0,0,0.507938735879567,0.0064276583,0.027432526,-0.021004867
415,63,54,112,0,0,1.0,0,0,0,0,0,0,0,0,0,1,0,0,1,0,0,0,0,0.5015003610567057,0.011653983,0.03089604,-0.019242056
416,47,56,21,0,0,0.0,0,0,0,1,0,0,0,0,0,0,0,0,1,0,0,0,0,0.5282593587166463,0.019320486,0.008444461,0.010876025
417,64,28,7,1,0,0.0,0,0,0,0,0,0,0,0,1,0,0,0,1,0,0,0,0,0.49932482895180724,0.115953155,0.18673891,-0.07078575
418,34,40,135,1,0,0.0,0,0,0,0,0,0,0,1,0,0,0,0,0,0,0,0,1,0.49520079063238487,0.046362583,0.01043193,0.035930652
419,22,52,28,0,0,1.0,0,0,0,1,0,0,0,0,0,0,0,0,0,0,1,0,0,0.532769007177949,0.022212489,0.0030720194,0.019140469
420,49,37,0,0,1,1.0,0,0,1,0,0,0,0,0,0,0,0,0,1,0,0,0,0,0.5146712916474506,0.7089549,0.030694969,0.6782599
421,12,33,175,0,0,1.0,1,0,0,0,0,0,0,0,0,0,0,0,0,0,0,0,1,0.4890312551196271,0.021444675,0.0010971209,0.020347554
422,12,41,157,0,0,1.0,1,0,0,0,0,0,0,0,0,0,0,0,0,0,1,0,0,0.49999518072662513,0.018997764,0.02339945,-0.0044016857
423,94,20,73,1,0,1.0,0,0,0,0,1,0,0,0,0,0,0,0,0,0,0,0,0,0.46695628921449983,0.05304368,0.2081524,-0.15510872
424,94,32,72,1,0,1.0,0,0,0,0,1,0,0,0,0,0,0,0,0,0,0,1,0,0.47798846218818725,0.022760995,0.2081524,-0.1853914
425,12,47,153,0,0,0.0,1,0,0,0,0,0,0,0,0,0,0,0,0,0,1,0,0,0.5062524879971607,0.01713282,0.042690717,-0.025557896
426,19,59,126,0,1,1.0,0,0,0,0,1,0,0,0,0,0,0,0,0,0,0,0,0,0.5200039601589707,0.5256869,0.021530671,0.50415623
427,57,55,128,0,0,1.0,0,0,0,0,0,1,0,0,0,0,0,0,0,1,0,0,0,0.4759777026672218,0.08092834,0.044410076,0.036518265
428,84,18,34,1,0,1.0,0,0,0,0,0,0,0,1,0,0,0,0,0,0,1,0,0,0.47702606440088363,0.044966884,0.05658632,-0.0116194375
429,21,30,144,1,1,0.0,0,0,0,0,0,0,0,0,1,0,0,0,1,0,0,0,0,0.4892794496047797,0.2355295,0.5248787,-0.2893492
430,56,41,22,1,0,0.0,0,0,0,0,0,0,0,0,0,0,0,1,1,0,0,0,0,0.5110524198486677,0.028776998,0.15015799,-0.12138099
431,86,22,132,1,0,1.0,0,0,0,0,1,0,0,0,0,0,0,0,0,0,1,0,0,0.45966246982869136,0.105862156,0.089146696,0.01671546
432,65,51,128,1,0,1.0,0,0,1,0,0,0,0,0,0,0,0,0,0,1,0,0,0,0.4693075997173488,0.05903182,0.03169139,0.02734043
433,26,43,110,0,0,1.0,0,0,0,0,0,0,0,0,1,0,0,0,1,0,0,0,0,0.5061609785279055,0.020336624,0.0648311,-0.044494476
434,50,42,54,1,0,1.0,0,0,1,0,0,0,0,0,0,0,0,0,1,0,0,0,0,0.5076369996668427,0.009310202,0.030523056,-0.021212853
435,98,41,13,0,0,1.0,0,0,0,0,0,0,0,0,0,0,1,0,1,0,0,0,0,0.4967971941553045,0.00566081,0.03464603,-0.028985221
436,24,59,71,1,0,0.0,0,0,1,0,0,0,0,0,0,0,0,0,0,0,1,0,0,0.5294472140050043,0.055774778,0.0042985673,0.05147621
437,99,43,104,0,0,0.0,0,0,1,0,0,0,0,0,0,0,0,0,0,0,0,0,0,0.4793966135009486,0.34431028,0.058213666,0.28609663
438,82,52,43,0,0,1.0,0,0,0,0,0,1,0,0,0,0,0,0,1,0,0,0,0,0.5066815915062914,0.00603658,0.027053991,-0.021017412
439,36,57,154,1,0,0.0,0,0,0,0,1,0,0,0,0,0,0,0,0,1,0,0,0,0.4804567529841118,0.3471927,0.50548965,-0.15829694
440,80,55,139,1,1,0.0,0,0,0,0,0,0,0,0,0,0,0,0,0,0,0,1,0,0.4902923022405737,0.1296339,0.5472236,-0.41758972
441,66,55,20,0,0,1.0,0,0,0,0,0,0,0,0,0,0,1,0,0,0,1,0,0,0.5202879769035178,0.0441492,0.01741632,0.02673288
442,92,38,140,0,0,1.0,0,0,0,1,0,0,0,0,0,0,0,0,0,0,0,0,1,0.47013010408451567,0.05315215,0.014273337,0.038878813
443,71,24,74,1,1,0.0,0,0,0,0,0,0,0,0,1,0,0,0,1,0,0,0,0,0.47916056597950696,0.072093226,0.2976549,-0.22556168
444,67,54,47,0,0,1.0,0,0,0,1,0,0,0,0,0,0,0,0,0,0,0,0,0,0.5134177833755655,0.026135482,0.008441028,0.017694455
445,53,19,162,0,0,1.0,0,0,0,0,0,0,0,0,0,0,1,0,0,1,0,0,0,0.4381961939131048,0.02326883,0.0226119,0.00065693073
446,79,42,35,0,0,0.0,0,0,0,1,0,0,0,0,0,0,0,0,0,0,0,0,0,0.5004402452666383,0.015676688,0.006612551,0.009064138
447,11,38,162,1,1,0.0,0,0,0,0,1,0,0,0,0,0,0,0,0,1,0,0,0,0.4712242046328668,0.077637926,0.6744732,-0.5968353
448,44,23,65,1,0,1.0,0,0,0,0,1,0,0,0,0,0,0,0,0,0,0,0,0,0.49047081702666845,0.13769424,0.22339399,-0.08569975
449,31,35,48,1,1,0.0,0,0,0,0,0,0,0,0,0,0,0,1,0,1,0,0,0,0.48440593086559103,0.101034604,0.82160366,-0.7205691
450,48,32,6,0,0,1.0,0,0,0,0,0,0,0,0,0,0,1,0,0,0,1,0,0,0.5092915176756927,0.06256668,0.006851742,0.055714943
451,43,52,125,0,0,0.0,0,0,0,0,0,0,0,0,0,0,0,0,0,0,0,1,0,0.5046754736119078,0.13763228,0.019221867,0.118410416
452,93,38,128,1,0,1.0,0,0,0,0,0,0,0,0,0,0,0,0,0,1,0,0,0,0.44695840453220853,0.08871563,0.059314884,0.029400744
453,96,55,53,1,0,1.0,0,0,0,0,0,0,0,0,1,0,0,0,0,0,0,1,0,0.5019532322701717,0.26894522,0.36258245,-0.09363723
454,63,60,102,1,0,0.0,0,0,0,0,0,0,0,0,0,1,0,0,0,0,1,0,0,0.5089991096464911,0.032153077,0.01719574,0.014957337
455,30,44,153,1,0,1.0,0,0,0,0,0,0,0,0,0,0,0,0,0,1,0,0,0,0.47122443717785956,0.041503843,0.15412326,-0.112619415
456,29,49,16,1,0,1.0,0,0,0,1,0,0,0,0,0,0,0,0,0,0,0,0,1,0.5298631370294423,0.06049453,0.0040817126,0.05641282
457,4,28,89,1,0,1.0,0,0,0,1,0,0,0,0,0,0,0,0,0,0,1,0,0,0.505378338891048,0.05849078,0.011737651,0.046753127
458,69,27,169,0,0,0.0,0,0,0,0,1,0,0,0,0,0,0,0,0,0,1,0,0,0.46303217625226006,0.35934263,0.008663089,0.35067955
459,24,47,120,1,0,1.0,0,0,1,0,0,0,0,0,0,0,0,0,1,0,0,0,0,0.508477686849579,0.023231756,0.028299816,-0.00506806
460,67,33,27,0,0,1.0,0,0,0,1,0,0,0,0,0,0,0,0,0,0,1,0,0,0.49855776252295186,0.010895013,0.0037179147,0.007177098
461,60,56,26,1,0,1.0,0,0,0,0,0,0,1,0,0,0,0,0,0,0,0,0,1,0.5222501491884781,0.07766669,0.017295353,0.06037134
462,7,60,137,0,0,0.0,0,0,0,0,0,1,0,0,0,0,0,0,1,0,0,0,0,0.5232314521031497,0.030811414,0.026939077,0.0038723368
463,49,35,146,0,0,0.0,0,0,1,0,0,0,0,0,0,0,0,0,1,0,0,0,0,0.4826486012364208,0.034716148,0.03488373,-0.00016758218
464,14,47,77,1,0,0.0,0,0,0,0,0,0,0,0,1,0,0,0,0,1,0,0,0,0.49578156843008364,0.249224,0.24844252,0.0007814914
465,6,32,64,1,0,1.0,0,0,0,0,0,0,0,0,0,0,0,1,0,0,1,0,0,0.513402770110234,0.047145635,0.46653503,-0.4193894
466,75,55,123,1,0,0.0,0,0,1,0,0,0,0,0,0,0,0,0,0,0,0,0,1,0.49552249335314946,0.17590883,0.0061302227,0.16977862
467,40,57,56,1,0,0.0,0,0,1,0,0,0,0,0,0,0,0,0,0,1,0,0,0,0.49919888751707325,0.11190953,0.052172408,0.059737124
468,11,43,69,1,1,1.0,0,0,0,0,1,0,0,0,0,0,0,0,0,0,0,0,0,0.5203947461566473,0.58159554,0.59881556,-0.01722002
469,83,21,97,0,0,0.0,0,1,0,0,0,0,0,0,0,0,0,0,0,0,0,1,0,0.46711415425454883,0.03629774,0.011751083,0.024546657
470,40,47,150,1,0,1.0,0,0,1,0,0,0,0,0,0,0,0,0,1,0,0,0,0,0.4961271365466493,0.0141686285,0.05846585,-0.044297222
471,84,38,77,1,0,0.0,0,0,0,0,0,0,0,1,0,0,0,0,0,0,1,0,0,0.4862103743026093,0.021096995,0.041788045,-0.02069105
472,30,37,74,1,0,1.0,0,0,0,0,0,0,0,0,0,0,0,0,0,0,0,0,0,0.5066485604966016,0.08121521,0.0825542,-0.0013389885
473,39,35,127,0,0,0.0,0,0,0,0,0,0,0,0,1,0,0,0,0,0,0,0,1,0.4904142091742405,0.058268383,0.0044091255,0.053859256
474,10,28,49,0,0,1.0,0,0,0,0,0,0,1,0,0,0,0,0,1,0,0,0,0,0.5113542609600973,0.055215027,0.07026031,-0.0150452815
475,53,45,127,1,0,0.0,0,0,0,0,0,0,0,0,0,0,1,0,0,0,0,1,0,0.49408920845884025,0.18705969,0.13855423,0.048505455
476,28,26,97,0,0,0.0,0,0,0,0,0,0,0,0,0,0,1,0,0,0,0,1,0,0.4927015554254599,0.059361458,0.010876315,0.048485145
477,55,52,4,1,0,0.0,0,0,0,0,0,0,0,0,0,0,0,0,0,0,0,0,0,0.525097399694141,0.07811262,0.11562041,-0.037507795
478,24,51,16,1,0,1.0,0,0,1,0,0,0,0,0,0,0,0,0,0,0,1,0,0,0.5335770420440336,0.056231324,0.011552975,0.04467835
479,87,48,153,1,0,1.0,1,0,0,0,0,0,0,0,0,0,0,0,0,0,0,0,0,0.4783851620232378,0.12162005,0.1901492,-0.06852915
480,5,40,177,1,0,1.0,0,0,0,0,0,0,0,0,0,0,0,0,0,0,0,0,1,0.49763669179335995,0.026614895,0.0037705207,0.022844374
481,95,32,29,0,0,0.0,0,0,0,0,0,0,0,0,0,1,0,0,1,0,0,0,0,0.4864952903983553,0.007036017,0.026828142,-0.019792125
482,53,26,110,0,0,0.0,0,0,0,0,0,0,0,0,0,0,1,0,0,0,0,0,1,0.4804245148390266,0.035151128,0.0020857947,0.033065334
483,31,55,63,1,1,0.0,0,0,0,0,0,0,0,0,0,0,0,1,0,1,0,0,0,0.49939425857448294,0.18773389,0.8849231,-0.6971892
484,11,29,137,1,1,0.0,0,0,0,0,1,0,0,0,0,0,0,0,0,0,1,0,0,0.49366045449118595,0.082886316,0.6454339,-0.56254756
485,15,38,33,1,0,0.0,0,0,1,0,0,0,0,0,0,0,0,0,0,0,0,0,1,0.5217848593628879,0.04600992,0.0024835167,0.043526404
486,49,19,75,0,0,0.0,0,0,1,0,0,0,0,0,0,0,0,0,0,0,1,0,0,0.4828674454652907,0.040738713,0.004870816,0.035867896
487,21,29,128,1,0,0.0,0,0,0,0,0,0,0,0,1,0,0,0,0,0,0,1,0,0.4916858638084819,0.46004182,0.12759101,0.3324508
488,92,48,2,0,0,1.0,0,0,0,1,0,0,0,0,0,0,0,0,0,0,0,0,1,0.5077110832797503,0.010368695,0.0069997506,0.003368944
489,39,33,30,0,0,1.0,0,0,0,0,0,0,0,0,1,0,0,0,0,0,0,0,1,0.508682640452478,0.020980312,0.0060818098,0.014898501
490,95,33,133,1,0,1.0,0,0,0,0,0,0,0,0,0,1,0,0,0,0,0,1,0,0.46592042166901937,0.080315955,0.109865434,-0.02954948
491,62,49,13,0,0,1.0,1,0,0,0,0,0,0,0,0,0,0,0,1,0,0,0,0,0.5178463128461172,0.0048327846,0.034057803,-0.029225018
492,42,39,55,0,0,0.0,0,0,0,1,0,0,0,0,0,0,0,0,0,1,0,0,0,0.48235686633028724,0.0133706005,0.0042718127,0.009098788
493,26,57,15,1,0,0.0,0,0,0,0,0,0,0,0,1,0,0,0,0,0,0,0,0,0.5384207275499978,0.24287239,0.29379615,-0.050923765
494,85,28,85,1,0,0.0,0,0,0,0,0,0,1,0,0,0,0,0,0,1,0,0,0,0.4498500822566281,0.09893196,0.11847312,-0.01954116
495,13,22,175,0,0,0.0,0,0,0,0,0,0,0,0,0,1,0,0,0,1,0,0,0,0.45339040663169883,0.040269967,0.008589525,0.031680442
496,51,18,24,1,1,0.0,0,0,0,0,0,0,0,0,1,0,0,0,0,0,0,1,0,0.4917466309913212,0.27274036,0.47419766,-0.20145729
497,8,18,61,0,0,0.0,0,1,0,0,0,0,0,0,0,0,0,0,0,0,0,1,0,0.5005903790390223,0.0126106385,0.034942098,-0.02233146
498,1,38,97,0,0,0.0,0,0,0,0,0,0,0,0,1,0,0,0,0,1,0,0,0,0.4884884439406159,0.05261826,0.052757327,-0.00013906509
499,25,26,126,1,0,1.0,0,0,1,0,0,0,0,0,0,0,0,0,0,1,0,0,0,0.46248296076772066,0.07629634,0.015994905,0.06030143
500,80,59,7,1,0,0.0,0,0,0,0,0,0,0,0,0,0,0,0,1,0,0,0,0,0.521223861013112,0.0077529615,0.030693782,-0.022940822
501,16,42,156,1,0,1.0,0,0,0,0,0,0,0,0,0,0,1,0,0,0,0,0,0,0.49957186769352935,0.0518538,0.19769973,-0.14584592
502,63,39,157,0,0,1.0,0,0,0,0,0,0,0,0,0,1,0,0,1,0,0,0,0,0.47862383748065745,0.008579496,0.05758752,-0.049008023
503,73,34,161,0,0,1.0,0,0,0,0,0,0,0,0,0,0,1,0,0,0,0,0,1,0.4694580264552059,0.03230489,0.0030139133,0.029290978
504,69,27,174,0,1,1.0,0,0,0,0,1,0,0,0,0,0,0,0,0,0,1,0,0,0.4620029244604683,0.35934263,0.008663089,0.35067955
505,70,50,47,0,0,1.0,0,0,0,0,0,0,0,0,0,1,0,0,0,0,1,0,0,0.508648981755163,0.008838027,0.022392651,-0.013554624
506,16,48,136,1,0,1.0,0,0,0,0,0,0,0,0,0,0,1,0,0,0,0,1,0,0.5091407030276169,0.08846146,0.41942856,-0.3309671
507,21,27,2,1,0,1.0,0,0,0,0,0,0,0,0,1,0,0,0,0,1,0,0,0,0.4905233455601481,0.272158,0.21829496,0.053863034
508,26,33,152,1,0,0.0,0,0,0,0,0,0,0,0,1,0,0,0,1,0,0,0,0,0.48841948561168747,0.18821143,0.2542103,-0.06599887
509,31,28,14,1,1,1.0,0,0,0,0,0,0,0,0,0,0,0,1,0,0,0,0,0,0.5105400373192887,0.47196782,0.20623848,0.26572934
510,87,36,97,0,0,0.0,1,0,0,0,0,0,0,0,0,0,0,0,0,0,0,1,0,0.47911745348293355,0.049657837,0.014039421,0.035618417
511,29,43,167,0,0,0.0,0,0,0,1,0,0,0,0,0,0,0,0,0,0,1,0,0,0.49321047889160585,0.10117358,0.0008798124,0.10029377
512,49,55,13,0,0,0.0,0,0,1,0,0,0,0,0,0,0,0,0,0,0,0,0,0,0.5282429636204191,0.08026785,0.023501622,0.056766227
513,63,37,11,0,0,1.0,0,0,0,0,0,0,0,0,0,1,0,0,0,0,0,0,0,0.5070244923433542,0.031636525,0.02034116,0.011295365
514,5,40,177,1,0,1.0,0,0,0,0,0,0,0,0,0,0,0,0,0,0,0,0,1,0.49763669179335995,0.026614895,0.0037705207,0.022844374
515,89,32,82,0,0,0.0,0,0,0,0,0,0,0,0,1,0,0,0,0,0,1,0,0,0.4778376897670387,0.012115301,0.04384238,-0.03172708
516,11,26,55,1,0,0.0,0,0,0,0,1,0,0,0,0,0,0,0,0,0,1,0,0,0.5079197945659193,0.22874318,0.20378418,0.024958998
517,23,24,133,0,0,0.0,0,0,0,0,0,0,0,0,0,0,1,0,1,0,0,0,0,0.48536193596470534,0.037073083,0.03546222,0.001610864
518,47,54,122,0,0,1.0,0,0,0,1,0,0,0,0,0,0,0,0,0,0,1,0,0,0.5055710234635018,0.0380024,0.0026711533,0.03533125
519,78,47,22,0,0,1.0,0,0,0,0,0,0,0,0,0,0,1,0,0,0,0,0,1,0.5080391943783897,0.017924555,0.0042061605,0.013718395
520,51,26,160,1,1,0.0,0,0,0,0,0,0,0,0,1,0,0,0,0,1,0,0,0,0.44561073778786975,0.4134832,0.34949172,0.06399149
521,86,46,116,1,0,0.0,0,0,0,0,1,0,0,0,0,0,0,0,0,0,0,0,1,0.4846100104885894,0.44194958,0.022357624,0.41959196
522,13,35,39,0,0,1.0,0,0,0,0,0,0,0,0,0,1,0,0,0,0,1,0,0,0.5186008283920214,0.019187571,0.009937258,0.009250313
523,35,40,164,1,0,1.0,0,0,0,0,0,0,1,0,0,0,0,0,1,0,0,0,0,0.4888152951389363,0.014523678,0.018502394,-0.0039787153
524,84,34,81,1,0,1.0,0,0,0,0,0,0,0,1,0,0,0,0,0,0,0,1,0,0.48176719073244945,0.038482413,0.06526543,-0.02678302
525,42,42,143,0,0,0.0,0,0,0,1,0,0,0,0,0,0,0,0,0,0,0,1,0,0.492284491489022,0.04071186,0.018846652,0.02186521
526,2,45,91,0,0,0.0,0,0,1,0,0,0,0,0,0,0,0,0,1,0,0,0,0,0.5211034067403058,0.034842934,0.023254795,0.011588139
527,37,44,106,0,0,0.0,1,0,0,0,0,0,0,0,0,0,0,0,0,1,0,0,0,0.4782492895158,0.01823917,0.015081281,0.0031578895
528,16,26,144,1,0,1.0,0,0,0,0,0,0,0,0,0,0,1,0,0,0,0,0,1,0.48757971401174144,0.09552696,0.022066174,0.07346079
529,43,43,82,0,0,0.0,0,0,0,0,0,0,0,0,0,0,0,0,1,0,0,0,0,0.505432622287291,0.009262262,0.029505463,-0.020243201
530,75,23,31,1,0,1.0,0,0,1,0,0,0,0,0,0,0,0,0,0,1,0,0,0,0.46025714450731764,0.05365116,0.018380174,0.03527099
531,66,33,139,1,0,0.0,0,0,0,0,0,0,0,0,0,0,1,0,0,0,0,0,1,0.4757750095151167,0.121539675,0.035456568,0.08608311
532,35,52,102,1,0,1.0,0,0,0,0,0,0,1,0,0,0,0,0,1,0,0,0,0,0.5125048322451901,0.025779223,0.083940364,-0.05816114
533,36,41,138,1,0,1.0,0,0,0,0,1,0,0,0,0,0,0,0,0,0,0,1,0,0.4947170998224137,0.060109653,0.63328296,-0.5731733
534,41,52,56,1,1,1.0,0,0,0,0,0,0,0,0,0,0,1,0,0,0,0,0,1,0.5197169603934224,0.55577946,0.0070664748,0.54871297
535,32,45,145,0,0,1.0,0,0,0,0,0,1,0,0,0,0,0,0,0,0,1,0,0,0.49842278717031435,0.021996235,0.046159036,-0.024162801
536,39,55,68,1,1,1.0,0,0,0,0,0,0,0,0,1,0,0,0,0,0,0,0,0,0.5207135800534644,0.5339925,0.40816057,0.12583196
537,84,56,18,1,0,1.0,0,0,0,0,0,0,0,1,0,0,0,0,0,1,0,0,0,0.4892743043963848,0.05565013,0.12856339,-0.07291326
538,86,50,156,0,0,0.0,0,0,0,0,1,0,0,0,0,0,0,0,0,0,0,0,1,0.479955063466797,0.26705706,0.019748516,0.24730855
539,4,55,147,1,0,1.0,0,0,0,1,0,0,0,0,0,0,0,0,1,0,0,0,0,0.5177973252934063,0.021912646,0.13941483,-0.11750218
540,2,50,106,0,0,0.0,0,0,1,0,0,0,0,0,0,0,0,0,0,1,0,0,0,0.49709865964345773,0.057144724,0.015663069,0.041481655
541,15,21,94,1,0,1.0,0,0,1,0,0,0,0,0,0,0,0,0,0,0,0,1,0,0.4937873337514296,0.13212323,0.014073071,0.11805016
542,1,26,153,1,1,1.0,0,0,0,0,0,0,0,0,1,0,0,0,0,0,0,1,0,0.4914720735821524,0.6833508,0.37210846,0.31124234
543,37,23,117,0,0,1.0,1,0,0,0,0,0,0,0,0,0,0,0,0,0,0,1,0,0.4823989204893053,0.038925245,0.010653104,0.02827214
544,88,40,22,0,0,1.0,0,0,0,0,0,0,0,0,0,1,0,0,1,0,0,0,0,0.4978672509603135,0.010147094,0.016595341,-0.0064482475
545,75,43,135,1,0,0.0,0,0,1,0,0,0,0,0,0,0,0,0,0,1,0,0,0,0.45684989093467976,0.06999624,0.05645686,0.013539378
546,11,24,114,1,1,0.0,0,0,0,0,1,0,0,0,0,0,0,0,1,0,0,0,0,0.49389708679971345,0.126871,0.583946,-0.457075
547,84,30,131,1,0,1.0,0,0,0,0,0,0,0,1,0,0,0,0,0,0,1,0,0,0.4678331822025455,0.02487544,0.026519142,-0.0016437024
548,83,44,99,1,0,0.0,0,1,0,0,0,0,0,0,0,0,0,0,1,0,0,0,0,0.487468590009163,0.01115821,0.09392322,-0.082765006
549,89,35,139,0,0,0.0,0,0,0,0,0,0,0,0,1,0,0,0,0,0,0,0,1,0.468778834152386,0.10403362,0.05862062,0.045413
550,59,52,4,0,0,0.0,0,0,0,0,0,0,0,1,0,0,0,0,0,1,0,0,0,0.4981464954860469,0.02013604,0.023958517,-0.0038224775
551,41,24,58,1,1,1.0,0,0,0,0,0,0,0,0,0,0,1,0,0,0,0,0,0,0.4939754233169337,0.40650165,0.06364292,0.34285873
552,38,45,41,0,0,0.0,0,0,0,0,0,0,0,0,0,1,0,0,0,1,0,0,0,0.4922131956424944,0.024700401,0.018997142,0.0057032593
553,98,18,54,0,0,0.0,0,0,0,0,0,0,0,0,0,0,1,0,0,1,0,0,0,0.44231740131704095,0.013065127,0.080808416,-0.06774329
554,48,60,113,0,0,0.0,0,0,0,0,0,0,0,0,0,0,1,0,1,0,0,0,0,0.5124775509295975,0.022906547,0.007394245,0.0155123025
555,3,19,118,0,0,0.0,0,0,0,0,0,0,0,0,0,0,1,0,0,0,0,0,1,0.49161537943939276,0.014729423,0.003557742,0.011171682
556,49,20,155,0,0,1.0,0,0,1,0,0,0,0,0,0,0,0,0,1,0,0,0,0,0.46725151127917763,0.048801005,0.029298842,0.019502163
557,39,27,169,0,0,1.0,0,0,0,0,0,0,0,0,1,0,0,0,0,0,1,0,0,0.47450115774339624,0.21009117,0.0046028253,0.20548835
558,93,25,57,0,0,1.0,0,0,0,0,0,0,0,0,0,0,0,0,0,0,1,0,0,0.4751492321991142,0.01177398,0.014162529,-0.002388549
559,66,37,46,1,1,1.0,0,0,0,0,0,0,0,0,0,0,1,0,0,0,1,0,0,0.4986280326776785,0.28037655,0.06061285,0.2197637
560,45,28,66,1,0,0.0,0,0,0,0,0,0,0,0,0,1,0,0,0,0,0,0,0,0.49440371715572234,0.09933767,0.065672435,0.033665232
561,94,43,42,0,0,0.0,0,0,0,0,1,0,0,0,0,0,0,0,0,0,1,0,0,0.4941391346588571,0.025922904,0.09352814,-0.067605235
562,23,58,50,0,0,1.0,0,0,0,0,0,0,0,0,0,0,1,0,0,0,0,0,1,0.5332583249263502,0.046365544,0.002261069,0.044104476
563,50,52,58,1,0,0.0,0,0,1,0,0,0,0,0,0,0,0,0,0,0,0,0,0,0.5158535192556064,0.13245691,0.022206737,0.110250175
564,24,41,87,1,0,0.0,0,0,1,0,0,0,0,0,0,0,0,0,0,0,0,1,0,0.5098790907800984,0.069499575,0.013875524,0.055624053
565,36,36,62,1,0,1.0,0,0,0,0,1,0,0,0,0,0,0,0,0,0,0,0,1,0.5059250260020931,0.05252831,0.016572043,0.035956267
566,68,28,62,0,0,1.0,0,0,0,0,0,0,0,0,0,0,0,0,1,0,0,0,0,0.4864071632856192,0.008557805,0.027112337,-0.018554531
567,33,32,156,0,0,0.0,0,1,0,0,0,0,0,0,0,0,0,0,0,0,0,1,0,0.4840031917270723,0.029584507,0.028724635,0.0008598715
568,87,52,144,0,0,0.0,1,0,0,0,0,0,0,0,0,0,0,0,0,0,0,0,1,0.48386013443443965,0.18288936,0.01352889,0.16936047
569,6,51,98,1,0,0.0,0,0,0,0,0,0,0,0,0,0,0,1,0,0,0,0,1,0.523543752462289,0.059214104,0.038551193,0.020662911
570,96,53,176,1,0,1.0,0,0,0,0,0,0,0,0,1,0,0,0,0,0,1,0,0,0.4747023056361471,0.2367439,0.015463422,0.22128047
571,80,33,160,1,0,0.0,0,0,0,0,0,0,0,0,0,0,0,0,0,1,0,0,0,0.4408764713239839,0.056376982,0.20067999,-0.14430301
572,46,45,90,1,0,1.0,0,0,0,0,0,0,0,0,1,0,0,0,0,0,0,0,1,0.5044350262847335,0.21958023,0.009187259,0.21039298
573,32,49,27,0,0,1.0,0,0,0,0,0,1,0,0,0,0,0,0,0,1,0,0,0,0.5010333612855545,0.019064007,0.020325659,-0.0012616515
574,57,41,115,0,0,0.0,0,0,0,0,0,1,0,0,0,0,0,0,1,0,0,0,0,0.49141896597960716,0.0073757516,0.018368525,-0.010992774
575,35,40,67,0,0,0.0,0,0,0,0,0,0,1,0,0,0,0,0,0,1,0,0,0,0.48346303522779016,0.018060438,0.052004278,-0.03394384
576,58,57,27,0,0,0.0,0,1,0,0,0,0,0,0,0,0,0,0,0,0,0,0,0,0.5237125962418901,0.023165407,0.05447693,-0.031311527
577,83,30,31,0,0,1.0,0,1,0,0,0,0,0,0,0,0,0,0,0,0,1,0,0,0.48887572394977863,0.00841447,0.008864989,-0.0004505189
578,33,27,135,0,0,1.0,0,1,0,0,0,0,0,0,0,0,0,0,0,0,1,0,0,0.4838260166487639,0.055006243,0.017319083,0.03768716
579,3,47,37,0,0,0.0,0,0,0,0,0,0,0,0,0,0,1,0,0,0,0,0,0,0.5336697098593142,0.02269569,0.023350937,-0.0006552469
580,42,56,76,0,0,1.0,0,0,0,1,0,0,0,0,0,0,0,0,0,0,0,0,1,0.5188139319102073,0.050606843,0.0038005188,0.046806324
581,19,51,63,0,0,1.0,0,0,0,0,1,0,0,0,0,0,0,0,0,0,0,0,0,0.5257941561367238,0.08822287,0.10900888,-0.02078601
582,70,23,29,1,0,1.0,0,0,0,0,0,0,0,0,0,1,0,0,0,0,0,0,0,0.4879453282155823,0.05656559,0.104953505,-0.048387915
583,52,50,45,1,0,1.0,0,0,1,0,0,0,0,0,0,0,0,0,1,0,0,0,0,0.5159670958399596,0.014540907,0.03726631,-0.022725403
584,74,21,31,1,0,1.0,0,0,1,0,0,0,0,0,0,0,0,0,1,0,0,0,0,0.48418912134402875,0.025415879,0.015713345,0.0097025335
585,78,59,35,0,0,1.0,0,0,0,0,0,0,0,0,0,0,1,0,0,0,1,0,0,0.516202189362651,0.037263054,0.0032201891,0.034042865
586,38,24,42,0,0,0.0,0,0,0,0,0,0,0,0,0,1,0,0,0,0,1,0,0,0.4984388000015535,0.037994515,0.007302405,0.03069211
587,93,18,15,0,0,1.0,0,0,0,0,0,0,0,0,0,0,0,0,0,0,1,0,0,0.4775040089230663,0.012200981,0.026360204,-0.014159223
588,85,53,97,1,1,1.0,0,0,0,0,0,0,1,0,0,0,0,0,0,1,0,0,0,0.46985656439045065,0.40362313,0.07238484,0.3312383
589,93,55,79,1,0,1.0,0,0,0,0,0,0,0,0,0,0,0,0,0,1,0,0,0,0.47231390824710257,0.17325477,0.17977831,-0.0065235347
590,82,45,10,0,0,1.0,0,0,0,0,0,1,0,0,0,0,0,0,1,0,0,0,0,0.5071784435721891,0.0055521675,0.026113693,-0.020561526
591,65,46,129,0,0,1.0,0,0,1,0,0,0,0,0,0,0,0,0,0,0,1,0,0,0.4899754088742134,0.031364962,0.021943368,0.009421594
592,91,24,108,1,0,1.0,0,0,0,0,0,0,0,0,0,0,1,0,0,0,1,0,0,0.4644935997176628,0.5779496,0.025899189,0.5520504
593,41,53,81,1,1,1.0,0,0,0,0,0,0,0,0,0,0,1,0,0,0,0,0,1,0.5154518530306319,0.55577946,0.0072409515,0.5485385
594,90,40,159,1,0,0.0,0,0,1,0,0,0,0,0,0,0,0,0,0,0,1,0,0,0.46877939025968984,0.20006683,0.044959113,0.15510772
595,1,33,162,1,0,0.0,0,0,0,0,0,0,0,0,1,0,0,0,0,0,0,0,0,0.4959427190964855,0.5436904,0.2606966,0.2829938
596,58,55,56,0,0,0.0,0,1,0,0,0,0,0,0,0,0,0,0,0,0,1,0,0,0.5159117638211479,0.009171447,0.02440645,-0.015235003
597,27,31,87,0,0,0.0,0,0,1,0,0,0,0,0,0,0,0,0,0,0,1,0,0,0.4996796375122338,0.04603366,0.003765344,0.042268317
598,90,36,135,1,0,0.0,0,0,1,0,0,0,0,0,0,0,0,0,0,0,1,0,0,0.4701229675911651,0.14803399,0.028613187,0.119420804
599,35,31,119,1,0,0.0,0,0,0,0,0,0,1,0,0,0,0,0,1,0,0,0,0,0.4899860220406863,0.03555343,0.06245027,-0.026896842
600,1,56,42,1,1,0.0,0,0,0,0,0,0,0,0,1,0,0,0,1,0,0,0,0,0.5415019607114033,0.17623277,0.60610473,-0.42987198
601,28,54,13,0,0,0.0,0,0,0,0,0,0,0,0,0,0,1,0,0,0,0,1,0,0.5353690547331288,0.04339657,0.021761749,0.02163482
602,20,42,111,1,0,0.0,0,0,0,0,0,0,0,0,0,1,0,0,0,1,0,0,0,0.4819233479548614,0.047191404,0.115469575,-0.06827817
603,29,58,30,0,0,1.0,0,0,0,1,0,0,0,0,0,0,0,0,0,0,0,1,0,0.535087131212874,0.056063,0.0036090207,0.05245398
604,14,24,6,1,0,0.0,0,0,0,0,0,0,0,0,1,0,0,0,1,0,0,0,0,0.5150982397055964,0.5805222,0.21701483,0.36350733
605,98,51,1,1,0,1.0,0,0,0,0,0,0,0,0,0,0,1,0,1,0,0,0,0,0.5083298418482154,0.028272765,0.0921695,-0.06389674
606,50,41,4,1,0,0.0,0,0,1,0,0,0,0,0,0,0,0,0,0,1,0,0,0,0.4916473650833345,0.032156594,0.016552556,0.015604038
607,38,50,88,0,0,1.0,0,0,0,0,0,0,0,0,0,1,0,0,0,0,1,0,0,0.5124417628681996,0.019313464,0.008661283,0.010652181
608,48,53,81,1,0,0.0,0,0,0,0,0,0,0,0,0,0,1,0,0,0,1,0,0,0.5127672999206601,0.35534975,0.048033264,0.30731648
609,99,60,4,0,0,0.0,0,0,1,0,0,0,0,0,0,0,0,0,0,0,0,0,0,0.5154651894912601,0.12509175,0.048677336,0.07641441
610,55,42,66,1,0,1.0,0,0,0,0,0,0,0,0,0,0,0,0,0,1,0,0,0,0.4778121728481918,0.032774795,0.14646502,-0.11369023
611,74,30,180,0,0,1.0,0,0,1,0,0,0,0,0,0,0,0,0,0,0,0,0,1,0.4615591679695802,0.04299973,0.0008722445,0.042127486
612,36,42,94,1,0,1.0,0,0,0,0,1,0,0,0,0,0,0,0,0,0,0,0,1,0.5047302987849644,0.06562017,0.016752815,0.048867352
613,13,54,143,1,0,1.0,0,0,0,0,0,0,0,0,0,1,0,0,1,0,0,0,0,0.5142697692825059,0.018198717,0.37015283,-0.3519541
614,26,49,67,1,0,1.0,0,0,0,0,0,0,0,0,1,0,0,0,0,0,1,0,0,0.5204809951586767,0.12033832,0.27581275,-0.15547442
615,34,25,95,1,0,0.0,0,0,0,0,0,0,0,1,0,0,0,0,0,0,0,0,1,0.48990862057004236,0.11922703,0.0033000452,0.11592698
616,78,50,19,0,0,0.0,0,0,0,0,0,0,0,0,0,0,1,0,0,0,1,0,0,0.5113737552473637,0.027664997,0.01244333,0.015221667
617,54,39,166,1,0,0.0,0,0,0,1,0,0,0,0,0,0,0,0,0,0,1,0,0,0.48021234309976907,0.07986053,0.0040159198,0.07584461
618,27,55,141,0,0,0.0,0,0,1,0,0,0,0,0,0,0,0,0,0,0,0,0,0,0.510217781876938,0.12943698,0.09088874,0.038548246
619,70,49,133,1,1,0.0,0,0,0,0,0,0,0,0,0,1,0,0,0,0,0,0,0,0.48994308498784916,0.066152155,0.34796605,-0.2818139
620,96,56,114,1,0,0.0,0,0,0,0,0,0,0,0,1,0,0,0,0,0,1,0,0,0.49023157343710455,0.32262322,0.091361634,0.23126158
621,71,43,125,1,0,1.0,0,0,0,0,0,0,0,0,1,0,0,0,1,0,0,0,0,0.4857882756573158,0.061248407,0.29517132,-0.23392291
622,86,32,99,1,0,0.0,0,0,0,0,1,0,0,0,0,0,0,0,0,0,1,0,0,0.4754750632066543,0.039566204,0.076729245,-0.03716304
623,18,42,172,0,0,1.0,0,0,0,0,0,0,0,0,0,0,0,0,0,0,0,0,0,0.49549214069381825,0.0476705,0.005544154,0.042126343
624,25,39,57,1,0,1.0,0,0,1,0,0,0,0,0,0,0,0,0,0,0,0,0,1,0.5138935395282089,0.05471902,0.002335606,0.052383415
625,17,21,106,1,0,0.0,0,0,0,1,0,0,0,0,0,0,0,0,0,0,0,0,0,0.4905363504821874,0.1210933,0.015845258,0.10524805
626,80,21,57,1,0,1.0,0,0,0,0,0,0,0,0,0,0,0,0,1,0,0,0,0,0.4765158962584001,0.011479895,0.068537675,-0.05705778
627,79,30,62,1,0,1.0,0,0,0,1,0,0,0,0,0,0,0,0,0,0,1,0,0,0.48399718441218587,0.021068731,0.011609869,0.009458862
628,33,22,106,1,0,0.0,0,1,0,0,0,0,0,0,0,0,0,0,0,0,0,1,0,0.48530335805401115,0.12209744,0.048646793,0.07345065
629,52,35,89,0,0,0.0,0,0,1,0,0,0,0,0,0,0,0,0,0,0,0,1,0,0.49329037757152194,0.05132771,0.009560375,0.041767336
630,68,41,147,0,0,1.0,0,0,0,0,0,0,0,0,0,0,0,0,0,1,0,0,0,0.4552549839849911,0.031065008,0.08441877,-0.053353764
631,8,29,88,1,0,1.0,0,1,0,0,0,0,0,0,0,0,0,0,0,0,0,1,0,0.5049550709797145,0.063344896,0.07040009,-0.007055193
632,33,29,178,0,0,0.0,0,1,0,0,0,0,0,0,0,0,0,0,0,0,0,0,1,0.4767454269040012,0.05720777,0.0006709724,0.056536797
633,71,19,136,1,1,0.0,0,0,0,0,0,0,0,0,1,0,0,0,0,1,0,0,0,0.4366937894824439,0.3620028,0.7462164,-0.38421363
634,7,51,1,0,0,1.0,0,0,0,0,0,1,0,0,0,0,0,0,0,0,0,1,0,0.5431500957954586,0.014748382,0.063521154,-0.04877277
635,5,35,171,1,0,1.0,0,0,0,0,0,0,0,0,0,0,0,0,0,0,0,1,0,0.49435434856046134,0.03892084,0.048920102,-0.009999264
636,30,56,21,1,0,0.0,0,0,0,0,0,0,0,0,0,0,0,0,0,0,1,0,0,0.534758194437497,0.0629847,0.05449168,0.008493017
637,34,57,66,1,0,0.0,0,0,0,0,0,0,0,1,0,0,0,0,0,0,1,0,0,0.5248479137849776,0.055774778,0.06372983,-0.007955052
638,58,58,166,0,0,1.0,0,1,0,0,0,0,0,0,0,0,0,0,1,0,0,0,0,0.49586050459543907,0.033262447,0.0029765011,0.030285945
639,70,49,116,1,0,1.0,0,0,0,0,0,0,0,0,0,1,0,0,1,0,0,0,0,0.4934613357398402,0.016353361,0.17212495,-0.15577158
640,98,42,179,0,0,0.0,0,0,0,0,0,0,0,0,0,0,1,0,0,0,0,0,0,0.463403353315745,0.1312417,0.013031267,0.11821043
641,52,46,124,0,0,0.0,0,0,1,0,0,0,0,0,0,0,0,0,1,0,0,0,0,0.4959988037153273,0.023087217,0.018937932,0.004149284
642,5,35,37,0,0,1.0,0,0,0,0,0,0,0,0,0,0,0,0,0,0,1,0,0,0.5220795884904549,0.012744301,0.008959428,0.0037848726
643,5,23,129,1,0,1.0,0,0,0,0,0,0,0,0,0,0,0,0,1,0,0,0,0,0.4921901672182878,0.04885984,0.14119294,-0.09233311
644,100,40,172,1,0,0.0,0,0,1,0,0,0,0,0,0,0,0,0,0,0,0,0,0,0.4622811945902345,0.2102981,0.00938584,0.20091227
645,82,37,20,1,0,1.0,0,0,0,0,0,1,0,0,0,0,0,0,0,0,0,0,0,0.49786937440768453,0.065058395,0.0634019,0.001656495
646,15,30,15,1,0,1.0,0,0,1,0,0,0,0,0,0,0,0,0,0,0,0,0,1,0.5182773234150942,0.10499237,0.0022223527,0.102770016
647,56,48,158,1,0,1.0,0,0,0,0,0,0,0,0,0,0,0,1,0,0,0,1,0,0.48923651507435245,0.13051154,0.5056379,-0.37512636
648,91,56,122,1,1,1.0,0,0,0,0,0,0,0,0,0,0,1,0,0,0,0,0,1,0.4904944361326934,0.8771975,0.013357341,0.86384016
649,17,51,167,0,0,1.0,0,0,0,1,0,0,0,0,0,0,0,0,0,0,0,1,0,0.5050550964738145,0.18006265,0.0017067995,0.17835586
650,48,44,42,0,0,1.0,0,0,0,0,0,0,0,0,0,0,1,0,0,0,0,0,0,0.5126965168513136,0.03235077,0.025756855,0.0065939166
651,41,19,144,0,0,1.0,0,0,0,0,0,0,0,0,0,0,1,0,1,0,0,0,0,0.471677647289995,0.02853168,0.06322732,-0.03469564
652,29,45,98,0,0,0.0,0,0,0,1,0,0,0,0,0,0,0,0,0,0,0,0,0,0.5093027991378635,0.05932489,0.0049246205,0.05440027
653,41,49,86,1,0,1.0,0,0,0,0,0,0,0,0,0,0,1,0,0,1,0,0,0,0.4853693992380172,0.18178031,0.12735935,0.054420963
654,51,42,67,0,0,1.0,0,0,0,0,0,0,0,0,1,0,0,0,0,0,0,0,1,0.5045624735046775,0.015105992,0.019421592,-0.0043156007
655,76,52,146,0,0,0.0,0,0,0,0,0,0,0,0,1,0,0,0,1,0,0,0,0,0.4876649565247933,0.0378312,0.14378314,-0.105951935
656,28,45,172,0,0,1.0,0,0,0,0,0,0,0,0,0,0,1,0,0,0,0,0,0,0.494368904146487,0.07444928,0.0045790016,0.06987028
657,71,37,133,1,0,0.0,0,0,0,0,0,0,0,0,1,0,0,0,0,0,0,0,1,0.478711635925284,0.27117008,0.03179077,0.23937932
658,3,54,128,0,0,1.0,0,0,0,0,0,0,0,0,0,0,1,0,1,0,0,0,0,0.5212042683163534,0.033899784,0.03846623,-0.004566446
659,9,30,8,0,0,0.0,0,0,0,0,0,0,0,1,0,0,0,0,1,0,0,0,0,0.5220231935196654,0.48962864,0.018893577,0.47073507
660,25,49,75,1,0,0.0,0,0,1,0,0,0,0,0,0,0,0,0,0,0,0,0,1,0.5192107040452862,0.07717558,0.0037978475,0.073377736
661,22,55,69,0,0,1.0,0,0,0,1,0,0,0,0,0,0,0,0,0,0,0,1,0,0.5270169291068095,0.07143021,0.013158977,0.05827123
662,60,58,86,0,0,1.0,0,0,0,0,0,0,1,0,0,0,0,0,0,0,0,0,1,0.5116517755202605,0.031353105,0.011655663,0.019697443
663,87,27,1,0,0,1.0,1,0,0,0,0,0,0,0,0,0,0,0,0,0,0,0,1,0.49083528272640875,0.016755667,0.008004179,0.008751487
664,2,28,105,0,0,1.0,0,0,1,0,0,0,0,0,0,0,0,0,0,0,0,1,0,0.5028339235604458,0.09416418,0.009400868,0.08476331
665,8,39,90,0,0,1.0,0,1,0,0,0,0,0,0,0,0,0,0,0,0,0,1,0,0.5135871563918644,0.0148207545,0.017203148,-0.002382394
666,93,58,33,0,0,0.0,0,0,0,0,0,0,0,0,0,0,0,0,0,0,0,1,0,0.5099584325045968,0.05984434,0.020538542,0.0393058
667,92,31,84,0,0,0.0,0,0,0,1,0,0,0,0,0,0,0,0,0,0,0,0,1,0.4753727034629667,0.0071131634,0.0038307547,0.0032824087
668,79,24,142,0,0,0.0,0,0,0,1,0,0,0,0,0,0,0,0,0,0,0,0,0,0.4620740231961232,0.0468949,0.020149367,0.026745534
669,4,59,90,0,0,1.0,0,0,0,1,0,0,0,0,0,0,0,0,1,0,0,0,0,0.5331755386236698,0.022983804,0.0053032604,0.017680544
670,81,33,35,1,1,0.0,0,0,0,0,0,0,0,0,0,0,0,1,1,0,0,0,0,0.49152906064089436,0.043597437,0.5361907,-0.49259326
671,93,18,37,0,0,1.0,0,0,0,0,0,0,0,0,0,0,0,0,0,0,0,1,0,0.4729609120563801,0.01407116,0.053761426,-0.039690267
672,59,48,109,1,0,0.0,0,0,0,0,0,0,0,1,0,0,0,0,0,0,0,1,0,0.4982270929563297,0.07594937,0.13426448,-0.058315113
673,85,30,137,1,0,0.0,0,0,0,0,0,0,1,0,0,0,0,0,0,0,1,0,0,0.4662143589277876,0.05333081,0.17318922,-0.119858414
674,72,22,49,0,0,1.0,0,0,0,1,0,0,0,0,0,0,0,0,0,1,0,0,0,0.45680136131254706,0.015843986,0.005171819,0.010672167
675,11,26,134,0,0,1.0,0,0,0,0,1,0,0,0,0,0,0,0,0,0,1,0,0,0.49156716683094187,0.111857936,0.10539534,0.0064625964
676,77,22,74,0,0,0.0,0,0,1,0,0,0,0,0,0,0,0,0,0,0,1,0,0,0.4750564656569989,0.040444046,0.0071763042,0.033267744
677,85,56,129,1,0,1.0,0,0,0,0,0,0,1,0,0,0,0,0,0,0,1,0,0,0.4913479427669466,0.09592253,0.062443808,0.033478722
678,2,27,50,1,0,1.0,0,0,1,0,0,0,0,0,0,0,0,0,1,0,0,0,0,0.5133116365887445,0.09388212,0.030178163,0.063703954
679,56,46,115,1,0,1.0,0,0,0,0,0,0,0,0,0,0,0,1,0,0,0,0,1,0.49632665195192355,0.09180335,0.033052556,0.058750793
680,97,60,98,0,0,1.0,0,0,0,1,0,0,0,0,0,0,0,0,0,0,1,0,0,0.49677850016790076,0.104405746,0.010939241,0.093466505
681,27,34,78,0,0,1.0,0,0,1,0,0,0,0,0,0,0,0,0,0,0,0,0,1,0.5042574477482719,0.042032715,0.0015827045,0.04045001
682,32,49,114,0,0,0.0,0,0,0,0,0,1,0,0,0,0,0,0,0,0,0,0,0,0.5084591210854184,0.0477777,0.021479603,0.026298098
683,9,59,56,1,0,0.0,0,0,0,0,0,0,0,1,0,0,0,0,0,0,0,1,0,0.5382687608731618,0.27010092,0.03551827,0.23458265
684,48,34,7,0,0,0.0,0,0,0,0,0,0,0,0,0,0,1,0,0,0,1,0,0,0.5108937087793989,0.06994004,0.006851742,0.0630883
685,13,34,22,0,0,0.0,0,0,0,0,0,0,0,0,0,1,0,0,0,1,0,0,0,0.4957870552476126,0.02056344,0.019809397,0.00075404346
686,21,35,161,0,0,0.0,0,0,0,0,0,0,0,0,1,0,0,0,0,0,0,0,1,0.4902844431935611,0.114576444,0.006059914,0.10851653
687,42,19,2,0,0,1.0,0,0,0,1,0,0,0,0,0,0,0,0,0,0,1,0,0,0.5006594414258404,0.017702578,0.0024462638,0.015256314
688,59,20,79,0,0,1.0,0,0,0,0,0,0,0,1,0,0,0,0,0,0,0,0,0,0.47911163347990515,0.024560077,0.018511202,0.006048875
689,7,27,119,0,0,0.0,0,0,0,0,0,1,0,0,0,0,0,0,0,0,0,1,0,0.4971117924598703,0.039778136,0.02076794,0.019010196
690,91,48,32,1,1,1.0,0,0,0,0,0,0,0,0,0,0,1,0,0,0,0,0,0,0.5018850860488685,0.5214236,0.107655324,0.41376826
691,2,30,90,0,0,0.0,0,0,1,0,0,0,0,0,0,0,0,0,0,0,1,0,0,0.5077483998388356,0.036375295,0.00525744,0.031117857
692,84,49,59,1,0,0.0,0,0,0,0,0,0,0,1,0,0,0,0,1,0,0,0,0,0.49988735121965516,0.007641252,0.110387795,-0.102746546
693,29,31,126,1,0,0.0,0,0,0,1,0,0,0,0,0,0,0,0,0,0,0,1,0,0.49083949626380013,0.07437422,0.014416226,0.059957996
694,74,32,116,1,0,0.0,0,0,1,0,0,0,0,0,0,0,0,0,0,0,0,1,0,0.4765590982441598,0.069034524,0.01285741,0.056177113
695,49,37,14,0,0,1.0,0,0,1,0,0,0,0,0,0,0,0,0,0,1,0,0,0,0.4863439425874099,0.06929018,0.009107116,0.060183067
696,46,48,6,0,0,1.0,0,0,0,0,0,0,0,0,1,0,0,0,0,0,0,1,0,0.5245194072731609,0.03421566,0.07008854,-0.035872884
697,21,43,138,1,1,1.0,0,0,0,0,0,0,0,0,1,0,0,0,0,0,0,0,1,0.5022839589464776,0.5424905,0.05341202,0.48907846
698,29,54,21,0,0,0.0,0,0,0,1,0,0,0,0,0,0,0,0,1,0,0,0,0,0.5333387630725472,0.022202492,0.005497827,0.016704664
699,73,44,86,0,0,1.0,0,0,0,0,0,0,0,0,0,0,1,0,0,1,0,0,0,0.4685998974550645,0.019935817,0.039421726,-0.01948591
700,95,54,130,1,0,0.0,0,0,0,0,0,0,0,0,0,1,0,0,0,0,0,0,0,0.48549613453274426,0.38493726,0.06794133,0.31699592
701,64,47,44,1,0,1.0,0,0,0,0,0,0,0,0,1,0,0,0,0,0,0,1,0,0.5088580549342896,0.1221392,0.3749979,-0.2528587
702,61,18,7,1,1,0.0,0,0,0,0,1,0,0,0,0,0,0,0,0,1,0,0,0,0.4660425622220538,0.092270896,0.53879446,-0.44652355
703,8,19,170,0,0,0.0,0,1,0,0,0,0,0,0,0,0,0,0,1,0,0,0,0,0.4789432668297433,0.022005059,0.012656551,0.009348508
704,73,22,3,0,0,0.0,0,0,0,0,0,0,0,0,0,0,1,0,0,0,0,0,0,0.4912698656591777,0.028189607,0.017440083,0.010749524
705,68,41,78,0,0,0.0,0,0,0,0,0,0,0,0,0,0,0,0,0,0,0,1,0,0.49485585965560885,0.01334434,0.034498047,-0.021153707
706,23,41,126,0,0,1.0,0,0,0,0,0,0,0,0,0,0,1,0,0,1,0,0,0,0.4767706215084796,0.029461278,0.015594149,0.013867129
707,63,55,29,0,0,1.0,0,0,0,0,0,0,0,0,0,1,0,0,0,0,0,0,0,0.519577426353963,0.02708581,0.05447693,-0.02739112
708,70,57,95,1,0,0.0,0,0,0,0,0,0,0,0,0,1,0,0,0,0,1,0,0,0.5050475185728492,0.04731329,0.09836883,-0.05105554
709,52,57,38,0,0,1.0,0,0,1,0,0,0,0,0,0,0,0,0,0,0,0,0,0,0.5237382714526156,0.090458676,0.037763406,0.05269527
710,45,40,24,0,0,0.0,0,0,0,0,0,0,0,0,0,1,0,0,1,0,0,0,0,0.5139535948367087,0.016282242,0.015097076,0.0011851657
711,62,57,20,0,0,1.0,1,0,0,0,0,0,0,0,0,0,0,0,0,1,0,0,0,0.4982074798409431,0.0113705015,0.04539952,-0.034029018
712,58,50,111,1,1,0.0,0,1,0,0,0,0,0,0,0,0,0,0,0,0,0,1,0,0.5000067314275795,0.06426866,0.16146553,-0.09719686
713,96,34,120,1,0,0.0,0,0,0,0,0,0,0,0,1,0,0,0,0,0,0,0,0,0.46911914996971854,0.23788261,0.08309847,0.15478414
714,46,24,130,1,0,0.0,0,0,0,0,0,0,0,0,1,0,0,0,0,0,0,0,1,0.477166959496337,0.42093727,0.0057062344,0.41523105
715,82,59,94,0,0,0.0,0,0,0,0,0,1,0,0,0,0,0,0,0,0,1,0,0,0.5024587735509417,0.028039511,0.0028959971,0.025143513
716,19,46,61,0,0,1.0,0,0,0,0,1,0,0,0,0,0,0,0,0,0,0,0,0,0.521692828135725,0.09493265,0.10900888,-0.014076225
717,97,40,76,0,0,1.0,0,0,0,1,0,0,0,0,0,0,0,0,0,0,0,0,0,0.4832404465373052,0.011911144,0.011899391,1.175236e-05
718,22,55,117,0,0,0.0,0,0,0,1,0,0,0,0,0,0,0,0,0,0,0,1,0,0.5170999348965862,0.15374118,0.009893891,0.14384729
719,83,35,141,0,0,1.0,0,1,0,0,0,0,0,0,0,0,0,0,0,0,0,0,1,0.4706607617025861,0.029964807,0.015095482,0.014869325
720,26,28,29,1,0,1.0,0,0,0,0,0,0,0,0,1,0,0,0,0,0,0,0,0,0.5093543711496623,0.24886441,0.16610926,0.08275515
721,90,42,2,0,0,1.0,0,0,1,0,0,0,0,0,0,0,0,0,0,0,0,0,0,0.5030497071655164,0.08933253,0.037246387,0.05208614
722,73,59,143,0,0,0.0,0,0,0,0,0,0,0,0,0,0,1,0,0,0,0,1,0,0.495769545679641,0.14660716,0.01993535,0.1266718
723,50,28,89,0,0,0.0,0,0,1,0,0,0,0,0,0,0,0,0,0,0,0,0,0,0.4877255619959019,0.08305737,0.0059011444,0.07715622
724,27,21,178,1,0,1.0,0,0,1,0,0,0,0,0,0,0,0,0,0,0,0,0,0,0.47182197347669314,0.083335064,0.005485733,0.07784933
725,56,45,2,0,0,0.0,0,0,0,0,0,0,0,0,0,0,0,1,0,0,1,0,0,0.5188053404920343,0.030790076,0.043270767,-0.012480691
726,92,38,89,0,0,0.0,0,0,0,1,0,0,0,0,0,0,0,0,1,0,0,0,0,0.48066184877397117,0.003045506,0.0060449545,-0.0029994485
727,61,20,97,1,0,1.0,0,0,0,0,1,0,0,0,0,0,0,0,0,0,0,1,0,0.4746274044693717,0.12740703,0.23839638,-0.11098935
728,66,34,146,1,0,1.0,0,0,0,0,0,0,0,0,0,0,1,0,0,0,0,0,0,0.47523214883109394,0.115357995,0.24254665,-0.12718865
729,5,56,112,1,0,0.0,0,0,0,0,0,0,0,0,0,0,0,0,0,1,0,0,0,0.5001346798727674,0.080753416,0.2330733,-0.15231988
730,91,51,157,1,1,1.0,0,0,0,0,0,0,0,0,0,0,1,0,0,0,1,0,0,0.4787359930087545,0.665987,0.09944777,0.5665392
731,18,57,154,1,0,1.0,0,0,0,0,0,0,0,0,0,0,0,0,0,0,1,0,0,0.5127894215742332,0.03162033,0.12017103,-0.0885507
732,47,46,135,0,0,1.0,0,0,0,1,0,0,0,0,0,0,0,0,0,0,1,0,0,0.49564074775934197,0.031011956,0.015677558,0.015334398
733,97,36,0,1,0,0.0,0,0,0,1,0,0,0,0,0,0,0,0,0,0,0,0,1,0.4953476297639369,0.14967549,0.0021493102,0.14752617
734,78,43,118,0,0,0.0,0,0,0,0,0,0,0,0,0,0,1,0,0,0,0,0,1,0.4845517625392956,0.03483454,0.004465723,0.030368818
735,14,36,32,1,0,1.0,0,0,0,0,0,0,0,0,1,0,0,0,0,0,0,1,0,0.5205680152309228,0.18121488,0.20235154,-0.021136656
736,88,27,161,0,0,1.0,0,0,0,0,0,0,0,0,0,1,0,0,0,0,1,0,0,0.4574315339052952,0.178703,0.009230806,0.16947219
737,18,45,24,0,0,1.0,0,0,0,0,0,0,0,0,0,0,0,0,1,0,0,0,0,0.528812892388869,0.025857195,0.038631592,-0.012774397
738,74,55,38,1,0,0.0,0,0,1,0,0,0,0,0,0,0,0,0,1,0,0,0,0,0.5134990792091937,0.011700798,0.04559413,-0.033893332
739,43,55,2,1,0,1.0,0,0,0,0,0,0,0,0,0,0,0,0,0,1,0,0,0,0.5074157861850506,0.047966518,0.14893693,-0.10097041
740,10,18,5,1,0,0.0,0,0,0,0,0,0,1,0,0,0,0,0,0,0,1,0,0,0.5114135405287348,0.07442734,0.06050949,0.013917845
741,77,58,7,0,0,0.0,0,0,1,0,0,0,0,0,0,0,0,0,0,0,0,1,0,0.5214699244571587,0.04037108,0.0061892085,0.03418187
742,76,19,111,1,0,0.0,0,0,0,0,0,0,0,0,1,0,0,0,1,0,0,0,0,0.46510209099074656,0.08563538,0.17009318,-0.0844578
743,51,35,180,1,1,1.0,0,0,0,0,0,0,0,0,1,0,0,0,0,0,0,1,0,0.474856759198649,0.40314832,0.04346861,0.3596797
744,46,49,75,1,0,0.0,0,0,0,0,0,0,0,0,1,0,0,0,1,0,0,0,0,0.5111582153245052,0.051431466,0.23051055,-0.17907909
745,54,49,129,0,0,1.0,0,0,0,1,0,0,0,0,0,0,0,0,1,0,0,0,0,0.49691084933962193,0.019835023,0.0073437584,0.012491265
746,6,28,42,1,0,1.0,0,0,0,0,0,0,0,0,0,0,0,1,0,0,0,0,1,0.514336635526311,0.07618094,0.04072624,0.0354547
747,15,45,92,1,0,1.0,0,0,1,0,0,0,0,0,0,0,0,0,0,0,1,0,0,0.5159139767119384,0.05115725,0.024473729,0.026683522
748,15,51,178,1,0,1.0,0,0,1,0,0,0,0,0,0,0,0,0,0,0,0,0,1,0.50354568583144,0.06830489,0.0018642081,0.06644068
749,100,51,92,1,0,1.0,0,0,1,0,0,0,0,0,0,0,0,0,0,0,0,1,0,0.4887266397429298,0.12633526,0.030262904,0.09607236
750,56,48,179,1,0,0.0,0,0,0,0,0,0,0,0,0,0,0,1,0,0,0,0,0,0.4848921625318241,0.1228941,0.0749471,0.047947004
751,69,58,123,1,0,1.0,0,0,0,0,1,0,0,0,0,0,0,0,0,0,1,0,0,0.5005400473709594,0.21275604,0.06423117,0.14852487
752,26,25,25,1,1,0.0,0,0,0,0,0,0,0,0,1,0,0,0,0,1,0,0,0,0.4820396938050314,0.23058829,0.21139438,0.019193903
753,48,42,50,1,0,1.0,0,0,0,0,0,0,0,0,0,0,1,0,0,0,0,0,1,0.5092322277133,0.10172445,0.0082893325,0.09343512
754,69,55,55,0,0,1.0,0,0,0,0,1,0,0,0,0,0,0,0,1,0,0,0,0,0.5118999490831482,0.02060957,0.19201198,-0.17140241
755,50,23,113,0,0,0.0,0,0,1,0,0,0,0,0,0,0,0,0,0,0,0,1,0,0.47824386197402663,0.090885326,0.006942345,0.08394298
756,31,32,36,1,0,1.0,0,0,0,0,0,0,0,0,0,0,0,1,0,0,0,0,1,0.5096058320706139,0.08374805,0.033549123,0.050198928
757,36,23,176,1,0,0.0,0,0,0,0,1,0,0,0,0,0,0,0,0,1,0,0,0,0.4453441484309955,0.11951645,0.08170696,0.037809484
758,31,45,77,0,0,1.0,0,0,0,0,0,0,0,0,0,0,0,1,1,0,0,0,0,0.5128806836708594,0.021207739,0.6086357,-0.587428
759,81,53,20,0,0,0.0,0,0,0,0,0,0,0,0,0,0,0,1,0,0,0,0,0,0.5127292992070575,0.047910556,0.0518791,-0.0039685443
760,12,53,176,0,0,0.0,1,0,0,0,0,0,0,0,0,0,0,0,0,1,0,0,0,0.48149276788492446,0.05808557,0.006989583,0.051095985
761,41,57,126,1,1,0.0,0,0,0,0,0,0,0,0,0,0,1,0,1,0,0,0,0,0.5097596329934406,0.07427424,0.21106182,-0.13678758
762,72,50,16,1,0,0.0,0,0,0,1,0,0,0,0,0,0,0,0,0,0,0,0,1,0.5142957465560165,0.03498628,0.0040596654,0.030926615
763,4,50,93,1,0,0.0,0,0,0,1,0,0,0,0,0,0,0,0,0,0,0,1,0,0.5244394528220273,0.07182963,0.029071214,0.04275842
764,52,32,62,0,0,1.0,0,0,1,0,0,0,0,0,0,0,0,0,1,0,0,0,0,0.49616463348668133,0.016408449,0.013356775,0.003051674
765,100,54,59,1,0,1.0,0,0,1,0,0,0,0,0,0,0,0,0,0,0,0,0,0,0.49827098004582826,0.2102521,0.03358194,0.17667016
766,36,20,43,1,1,1.0,0,0,0,0,1,0,0,0,0,0,0,0,1,0,0,0,0,0.49537982225326443,0.38185158,0.23786964,0.14398195
767,96,49,44,0,1,0.0,0,0,0,0,0,0,0,0,1,0,0,0,0,0,1,0,0,0.4983867939411222,0.0070523266,0.42838448,-0.42133215
768,85,39,75,0,0,0.0,0,0,0,0,0,0,1,0,0,0,0,0,0,0,0,0,1,0.4871448532424325,0.016483475,0.010882138,0.0056013362
769,34,59,104,1,0,1.0,0,0,0,0,0,0,0,1,0,0,0,0,0,1,0,0,0,0.4933753565509587,0.11949261,0.02337072,0.09612189
770,40,45,146,1,0,0.0,0,0,1,0,0,0,0,0,0,0,0,0,0,0,0,0,0,0.49514540748652014,0.0657036,0.05323142,0.012472179
771,75,58,5,1,0,0.0,0,0,1,0,0,0,0,0,0,0,0,0,0,1,0,0,0,0.49722805320587893,0.03945394,0.0069410405,0.0325129
772,53,46,54,0,0,1.0,0,0,0,0,0,0,0,0,0,0,1,0,0,0,1,0,0,0.5101044939658969,0.043603383,0.032563604,0.011039779
773,64,26,65,1,0,0.0,0,0,0,0,0,0,0,0,1,0,0,0,0,1,0,0,0,0.46015606444791973,0.2499646,0.2912193,-0.0412547
774,8,36,157,0,0,1.0,0,1,0,0,0,0,0,0,0,0,0,0,0,0,0,0,1,0.4970058247673413,0.017507646,0.009039318,0.008468328
775,47,25,35,1,0,1.0,0,0,0,1,0,0,0,0,0,0,0,0,0,0,0,1,0,0.49733851894739683,0.1211767,0.015566239,0.10561046
776,94,40,110,1,0,0.0,0,0,0,0,1,0,0,0,0,0,0,0,0,0,0,1,0,0.4773626255046142,0.06023813,0.1577103,-0.09747217
777,83,27,157,0,0,1.0,0,1,0,0,0,0,0,0,0,0,0,0,0,1,0,0,0,0.4350083758454317,0.051018324,0.051728636,-0.0007103123
778,37,24,38,0,0,1.0,1,0,0,0,0,0,0,0,0,0,0,0,0,0,1,0,0,0.49965066432008487,0.022813821,0.007302405,0.015511416
779,75,37,83,1,0,0.0,0,0,1,0,0,0,0,0,0,0,0,0,0,1,0,0,0,0.46214997505930183,0.03392373,0.023696348,0.010227382
780,89,59,106,0,0,1.0,0,0,0,0,0,0,0,0,1,0,0,0,0,0,0,1,0,0.49728795535729353,0.25048313,0.05273424,0.19774888
781,93,32,18,0,0,1.0,0,0,0,0,0,0,0,0,0,0,0,0,0,1,0,0,0,0.4641615832790365,0.019863537,0.029432282,-0.009568745
782,34,51,26,0,0,1.0,0,0,0,0,0,0,0,1,0,0,0,0,0,0,0,0,0,0.5276910101793777,0.05334824,0.020464625,0.032883614
783,62,36,67,1,0,0.0,1,0,0,0,0,0,0,0,0,0,0,0,0,0,1,0,0,0.49491124216360444,0.014475255,0.06558738,-0.051112123
784,41,26,87,1,1,1.0,0,0,0,0,0,0,0,0,0,0,1,0,0,0,1,0,0,0.4897830133769672,0.51913524,0.022796687,0.49633855
785,67,49,25,0,0,0.0,0,0,0,1,0,0,0,0,0,0,0,0,0,1,0,0,0,0.48801619053424705,0.018475685,0.007644944,0.010830741
786,2,44,15,0,0,0.0,0,0,1,0,0,0,0,0,0,0,0,0,0,0,0,0,1,0.5358822795047931,0.039133407,0.0023244813,0.036808927
787,64,29,17,0,0,0.0,0,0,0,0,0,0,0,0,1,0,0,0,0,0,1,0,0,0.4981596285634717,0.022439457,0.03019904,-0.0077595823
788,73,40,21,0,0,1.0,0,0,0,0,0,0,0,0,0,0,1,0,0,0,0,0,1,0.5038313890963777,0.013973937,0.0026512886,0.011322649
789,24,26,9,1,0,1.0,0,0,1,0,0,0,0,0,0,0,0,0,0,0,0,0,1,0.5124509330778907,0.107890025,0.0018301177,0.10605991
790,79,55,142,0,0,0.0,0,0,0,1,0,0,0,0,0,0,0,0,0,0,0,1,0,0.4900551666305617,0.12094634,0.043629967,0.07731637
791,70,47,68,1,0,1.0,0,0,0,0,0,0,0,0,0,1,0,0,0,0,1,0,0,0.5015877604914013,0.021809723,0.18313806,-0.16132833
792,43,30,138,0,0,1.0,0,0,0,0,0,0,0,0,0,0,0,0,0,1,0,0,0,0.4567475861516044,0.023665216,0.08281512,-0.059149902
793,43,40,101,0,0,1.0,0,0,0,0,0,0,0,0,0,0,0,0,0,0,0,0,0,0.49878478733752263,0.035581924,0.010830585,0.02475134
794,75,47,134,1,0,1.0,0,0,1,0,0,0,0,0,0,0,0,0,0,0,0,1,0,0.48600943752384784,0.068833776,0.07095852,-0.0021247417
795,7,30,124,0,0,1.0,0,0,0,0,0,1,0,0,0,0,0,0,1,0,0,0,0,0.49879148272235624,0.0322752,0.030756652,0.0015185475
796,79,60,127,0,1,1.0,0,0,0,1,0,0,0,0,0,0,0,0,0,0,0,0,0,0.49768372679661443,0.17246135,0.0038589346,0.1686024
797,80,58,17,1,0,1.0,0,0,0,0,0,0,0,0,0,0,0,0,0,1,0,0,0,0.49282528099961814,0.05201166,0.02723463,0.02477703
798,36,18,89,0,0,0.0,0,0,0,0,1,0,0,0,0,0,0,0,0,0,0,0,0,0.4840526077336804,0.032990806,0.05894017,-0.025949363
799,14,46,44,1,0,0.0,0,0,0,0,0,0,0,0,1,0,0,0,0,0,0,0,1,0.5271181227464166,0.14914443,0.022975422,0.126169
